순번,년도,모델명,제조사,유종,배기량,복합연비,등급,평균주행거리(km),전비(km/kWh)
1,2019,코나 전기자동차 (도심형),현대,전기,0.0,5.8,고속,15000,5.6
2,2019,Model S Long Range Plus,테슬라코리아 유한회사,전기,0.0,4.4,고속,15000,4.6
3,2019,EV SAVER(파워테크닉스 세이버 KNCSZ76ADK803665),파워테크닉스,전기,0.0,1.6,고속,15000,1.6
4,2019,Change,AD모터스,전기,0.0,4.3,저속,15000,4.3
5,2019,e-tron 50 uattro,아우디,전기,0.0,2.9,고속,15000,2.9
6,2019,Model 3 Long Range,테슬라코리아 유한회사,전기,0.0,5.0,고속,15000,5.1
7,2019,코나 전기자동차 (기본형),현대,전기,0.0,5.6,고속,15000,5.6
8,2022,BMW i3 94Ah,BMW,전기,0.0,5.4,고속,15000,5.4
9,2019,LEAF PLUS,닛산,전기,0.0,4.8,고속,15000,4.8
10,2019,아이오닉 전기차(PE),현대,전기,0.0,6.3,고속,15000,6.3
11,2019,Model S Performance,테슬라코리아 유한회사,전기,0.0,4.2,고속,15000,4.6
12,2019,Peugeot e-2008 SUV,PSA Automobiles,전기,0.0,4.3,고속,15000,4.3
13,2019,D2P,쎄미시스코,전기,0.0,5.2,고속,15000,5.2
14,2019,Model S 100D,테슬라코리아 유한회사,전기,0.0,4.0,고속,15000,4.6
15,2019,"타이칸 4S (High, 5인승)",포르쉐,전기,0.0,2.9,고속,15000,2.9
16,2019,e-tron 55 uattro,아우디,전기,0.0,3.0,고속,15000,3.0
17,2019,Model X P100D,테슬라코리아 유한회사,전기,0.0,3.1,고속,15000,3.1
18,2019,Model 3 Performance,테슬라코리아 유한회사,전기,0.0,4.7,고속,15000,5.1
19,2019,Model X 75D,테슬라코리아 유한회사,전기,0.0,3.4,고속,15000,3.4
20,2019,파워프라자 봉고3ev PEACE,(주)파워프라자,전기,0.0,2.4,고속,15000,2.4
21,2019,파워프라자 라보 ev PEACE,한국지엠,전기,0.0,3.5,고속,15000,3.5
22,2019,Model X Performance,테슬라코리아 유한회사,전기,0.0,3.7,고속,15000,3.7
23,2019,DANIGO 3,(주)대창모터스,전기,0.0,6.1,고속,15000,6.1
24,2019,CEVO-C,Supa Motor Limited,전기,0.0,6.4,고속,15000,6.4
25,2024,BMW iX xDrive50,BMW,전기,0.0,3.7,4등급,15000,3.7
26,2019,재규어 I-PACE EV400,재규어,전기,0.0,3.5,고속,15000,3.5
27,2019,D2C,쎄미시스코,전기,0.0,5.2,고속,15000,5.2
28,2019,Model X 75D,테슬라코리아 유한회사,전기,0.0,4.1,고속,15000,4.1
29,2019,아이오닉 전기차 (18MY),현대,전기,0.0,6.3,고속,15000,6.3
30,2019,TWIZY Urban(2인승),르노삼성,전기,0.0,7.9,고속,15000,7.9
31,2019,LSEV,코리아에어카고,전기,0.0,4.4,고속,15000,4.4
32,2019,포터일렉트릭,현대,전기,0.0,3.1,고속,15000,3.1
33,2019,Model S Performance,테슬라코리아 유한회사,전기,0.0,4.3,고속,15000,4.6
34,2019,CHEVROLET BOLT EV,GM,전기,0.0,5.4,고속,15000,5.4
35,2019,타이칸 4S (High),포르쉐,전기,0.0,2.9,고속,15000,2.9
36,2019,Danigo(다니고),(주)대창모터스,전기,0.0,5.3,저속,15000,5.3
37,2019,TWIZY Cargo(1인승),르노삼성,전기,0.0,7.9,고속,15000,7.9
38,2019,BMW i3 94Ah,BMW,전기,0.0,5.4,고속,15000,5.4
39,2019,e-tron Sportback 50 uattro,아우디,전기,0.0,3.0,고속,15000,3.0
40,2019,Model S P100D,테슬라코리아 유한회사,전기,0.0,3.8,고속,15000,4.6
41,2019,Model X Long Range Plus,테슬라코리아 유한회사,전기,0.0,4.0,고속,15000,4.0
42,2019,LEAF,닛산,전기,0.0,5.2,고속,15000,5.2
43,2019,DS3 CROSSBACK E-TENSE,PSA Automobiles,전기,0.0,4.3,고속,15000,4.3
44,2019,Model X 100D,테슬라코리아 유한회사,전기,0.0,4.1,고속,15000,4.1
45,2019,Peugeot e-208,PSA Automobiles,전기,0.0,4.4,고속,15000,4.4
46,2019,Model X 100D,테슬라코리아 유한회사,전기,0.0,3.4,고속,15000,3.4
47,2019,봉고 전기차,기아,전기,0.0,3.1,고속,15000,3.1
48,2019,"쏘울 전기차(기본형, 64kWh)",기아,전기,0.0,5.4,고속,15000,5.4
49,2019,SM3 Z.E.,르노삼성,전기,0.0,4.5,고속,15000,4.5
50,2019,"니로 전기차 (경제형, 39.2kWh)",기아,전기,0.0,5.5,고속,15000,5.3
51,2019,Model S 75D,테슬라코리아 유한회사,전기,0.0,4.3,고속,15000,4.6
52,2019,BMW i3 120Ah,BMW,전기,0.0,5.6,고속,15000,5.6
53,2019,Model 3 Standard Range Plus RWD,테슬라코리아 유한회사,전기,0.0,5.8,고속,15000,5.1
54,2019,마스타(MASTA)VAN,마스타전기차(주),전기,0.0,6.1,고속,15000,6.1
55,2019,Model X Performance,테슬라코리아 유한회사,전기,0.0,3.8,고속,15000,3.8
56,2019,마이브 M1,투데이션샤인,전기,0.0,5.5,고속,15000,5.5
57,2019,Model X Long Range,테슬라코리아 유한회사,전기,0.0,3.9,고속,15000,3.9
58,2019,ZOE,르노삼성,전기,0.0,4.8,고속,15000,4.8
59,2019,LEAF,닛산,전기,0.0,5.1,고속,15000,5.1
60,2019,코란도 e-motion 2WD Non Heat Pump,쌍용,전기,0.0,4.8,고속,15000,4.8
61,2019,다니고3픽업(DANIGO 3 PICK UP),(주)대창모터스,전기,0.0,6.1,고속,15000,6.1
62,2019,제인모터스칼마토EV1톤내장탑차,제인모터스,전기,0.0,2.3,고속,15000,2.3
63,2019,Model S Long Range,테슬라코리아 유한회사,전기,0.0,4.3,고속,15000,4.6
64,2019,"니로 전기차 (기본형, 64kWh)",기아,전기,0.0,5.3,고속,15000,5.3
65,2019,CHEVROLET BOLT EV,한국지엠,전기,0.0,5.5,고속,15000,5.5
66,2019,벤츠 EQC 400 4MATIC,벤츠,전기,0.0,3.2,고속,15000,3.2
67,2019,"쏘울 전기차 (도심형, 39.2kWh)",기아,전기,0.0,5.6,고속,15000,5.6
68,2023,BMW i3 120Ah,BMW,전기,0.0,5.6,2등급,15000,5.6
69,2023,BMW i3 94Ah,BMW,전기,0.0,5.4,2등급,15000,5.4
70,2023,BMW i4 M50,BMW,전기,0.0,4.1,4등급,15000,4.8
71,2023,BMW i4 eDrive40,BMW,전기,0.0,4.6,3등급,15000,4.8
72,2023,BMW i5 M60 xDrive,BMW,전기,0.0,3.8,4등급,15000,3.8
73,2023,BMW i5 eDrive40,BMW,전기,0.0,4.1,4등급,15000,4.1
74,2023,BMW i7 M70 xDrive,BMW,전기,0.0,3.3,5등급,15000,3.3
75,2023,BMW i7 eDrive50,BMW,전기,0.0,3.8,4등급,15000,3.8
76,2023,BMW i7 xDrive60,BMW,전기,0.0,3.7,4등급,15000,3.7
77,2023,BMW iX M60,BMW,전기,0.0,3.4,4등급,15000,3.4
78,2023,BMW iX xDrive40,BMW,전기,0.0,3.9,4등급,15000,3.9
79,2023,BMW iX xDrive50,BMW,전기,0.0,3.6,4등급,15000,3.6
80,2023,BMW iX xDrive50,BMW,전기,0.0,3.7,4등급,15000,3.7
81,2023,BMW iX1 xDrive30,BMW,전기,0.0,4.2,3등급,15000,4.2
82,2023,BMW iX3 M Sport,BMW,전기,0.0,4.1,4등급,15000,4.4
83,2023,CEVO-C,Supa Motor Limited,전기,0.0,6.4,초소형,15000,6.4
84,2023,CEVO-C SE,(주)캠시스,전기,0.0,6.3,초소형,15000,6.3
85,2023,CEVO-C SE 1인승 밴형,주식회사 쎄보모빌리티,전기,0.0,6.3,초소형,15000,6.3
86,2023,CHEVROLET BOLT EUV,GM,전기,0.0,5.5,2등급,15000,5.5
87,2023,CHEVROLET BOLT EV,GM,전기,0.0,5.4,2등급,15000,5.4
88,2023,CHEVROLET BOLT EV,한국지엠,전기,0.0,5.5,2등급,15000,5.5
89,2023,D2C,쎄미시스코,전기,0.0,5.2,초소형,15000,5.2
90,2023,D2C(D2C13),쎄미시스코,전기,0.0,5.4,초소형,15000,5.4
91,2023,D2P,쎄미시스코,전기,0.0,5.2,초소형,15000,5.2
92,2023,DANIGO 3,(주)대창모터스,전기,0.0,6.1,초소형,15000,6.1
93,2023,DS3 CROSSBACK E-TENSE,PSA Automobiles,전기,0.0,4.3,3등급,15000,4.3
94,2023,DS3 CROSSBACK E-TENSE,PSA Automobiles,전기,0.0,4.9,3등급,15000,4.9
95,2023,DS3 E-TENSE,PSA Automobiles,전기,0.0,5.5,2등급,15000,5.5
96,2023,Danigo(다니고),(주)대창모터스,전기,0.0,5.3,초소형,15000,5.3
97,2023,EV SAVER(파워테크닉스 세이버 KNCSZ76ADK803665),파워테크닉스,전기,0.0,1.6,5등급,15000,1.6
98,2023,EV6 GT,기아,전기,0.0,3.9,4등급,15000,5.3
99,2023,EV6 기본형 4WD 19인치,기아,전기,0.0,5.3,2등급,15000,5.3
100,2023,EV6 기본형 RWD 19인치,기아,전기,0.0,5.6,2등급,15000,5.3
101,2023,EV6 항속형 4WD 19인치,기아,전기,0.0,5.0,2등급,15000,5.3
102,2023,EV6 항속형 4WD 20인치,기아,전기,0.0,4.6,3등급,15000,5.3
103,2023,EV6 항속형 RWD 19인치(빌트인캠미적용),기아,전기,0.0,5.4,2등급,15000,5.3
104,2023,EV6 항속형 RWD 19인치(빌트인캠적용),기아,전기,0.0,5.3,2등급,15000,5.3
105,2023,EV6 항속형 RWD 20인치,기아,전기,0.0,4.9,3등급,15000,5.3
106,2023,EV9 2WD 19인치 6인,기아,전기,0.0,4.2,3등급,15000,4.2
107,2023,EV9 2WD 19인치 7인,기아,전기,0.0,4.2,3등급,15000,4.2
108,2023,EV9 2WD 20인치 6인,기아,전기,0.0,4.1,4등급,15000,4.1
109,2023,EV9 2WD 20인치 7인,기아,전기,0.0,4.1,4등급,15000,4.1
110,2023,EV9 4WD 19인치 6인,기아,전기,0.0,3.8,4등급,15000,3.8
111,2023,EV9 4WD 19인치 7인,기아,전기,0.0,3.8,4등급,15000,3.8
112,2023,EV9 4WD 21인치 6인,기아,전기,0.0,3.9,4등급,15000,3.9
113,2023,EV9 4WD 21인치 7인,기아,전기,0.0,3.9,4등급,15000,3.9
114,2023,EV9 GTL 4WD 21인치 6인,기아,전기,0.0,3.8,4등급,15000,3.8
115,2023,EV9 GTL 4WD 21인치 7인,기아,전기,0.0,3.8,4등급,15000,3.8
116,2023,G80 Electrified,현대,전기,0.0,4.3,3등급,15000,4.3
117,2023,G80 Electrified 24MY,현대,전기,0.0,4.3,3등급,15000,4.3
118,2023,GV60 4WD 19인치,현대,전기,0.0,4.5,3등급,15000,4.9
119,2023,GV60 4WD 20인치,현대,전기,0.0,4.3,3등급,15000,4.9
120,2023,GV60 4WD 무선충전,현대,전기,0.0,4.1,4등급,15000,4.9
121,2023,GV60 RWD 19인치,현대,전기,0.0,5.1,2등급,15000,4.9
122,2023,GV60 성능형 4WD 21인치,현대,전기,0.0,4.1,4등급,15000,4.9
123,2023,GV60 성능형 4WD 무선충전,현대,전기,0.0,3.9,4등급,15000,4.9
124,2023,GV70 Electrified 19인치,현대,전기,0.0,4.6,3등급,15000,4.6
125,2023,GV70 Electrified 20인치,현대,전기,0.0,4.3,3등급,15000,4.3
126,2023,GV70 Electrified 무선충전,현대,전기,0.0,4.2,3등급,15000,4.2
127,2023,ID.4 Pro,폭스바겐,전기,0.0,4.7,3등급,15000,4.7
128,2023,ID.4 Pro,폭스바겐,전기,0.0,4.9,3등급,15000,4.9
129,2023,LEAF,닛산,전기,0.0,5.1,2등급,15000,5.1
130,2023,LEAF,닛산,전기,0.0,5.2,2등급,15000,5.2
131,2023,LEAF PLUS,닛산,전기,0.0,4.8,3등급,15000,4.8
132,2023,LSEV,코리아에어카고,전기,0.0,4.4,3등급,15000,4.4
133,2023,MASADA 2밴,DFSK,전기,0.0,3.8,4등급,15000,3.8
134,2023,MASADA 3세대 2밴,DFSK,전기,0.0,3.8,4등급,15000,3.8
135,2023,MASADA 3세대 4밴,DFSK,전기,0.0,3.8,4등급,15000,3.8
136,2023,MASADA 4밴,DFSK,전기,0.0,3.8,4등급,15000,3.8
137,2023,MASADA QQ 2밴,체리자동차,전기,0.0,6.3,초소형,15000,6.3
138,2023,MASADA 픽업,DFSK,전기,0.0,3.5,4등급,15000,3.5
139,2023,MG ZS EV,(주) 케이모터,전기,0.0,4.3,3등급,15000,4.3
140,2023,MINI Cooper SE,MINI,전기,0.0,4.5,3등급,15000,4.5
141,2023,Mercedes-AMG EQE 53 4MATIC +,벤츠,전기,0.0,3.6,4등급,15000,3.6
142,2023,Mercedes-AMG EQE 53 4MATIC + SUV,벤츠,전기,0.0,3.5,4등급,15000,3.5
143,2023,Mercedes-AMG EQE 53 4MATIC +(Race Start +),벤츠,전기,0.0,3.6,4등급,15000,3.6
144,2023,Mercedes-AMG EQE53 4MATIC +,벤츠,전기,0.0,3.3,5등급,15000,3.3
145,2023,Mercedes-AMG EQS 53 4MATIC +,벤츠,전기,0.0,3.2,5등급,15000,3.2
146,2023,Mercedes-AMG EQS53 4MATIC +,벤츠,전기,0.0,3.1,5등급,15000,3.1
147,2023,Mercedes-AMG EQS53 4MATIC +,벤츠,전기,0.0,3.2,5등급,15000,3.2
148,2023,Mercedes-Benz EQA250,벤츠,전기,0.0,4.0,4등급,15000,4.0
149,2023,Mercedes-Benz EQA250,벤츠,전기,0.0,4.1,4등급,15000,4.1
150,2023,Mercedes-Benz EQA250,벤츠,전기,0.0,4.9,3등급,15000,4.9
151,2023,Mercedes-Benz EQB300 4MATIC,벤츠,전기,0.0,4.1,4등급,15000,4.1
152,2023,Mercedes-Benz EQB300 4MATIC (5 Seater),벤츠,전기,0.0,4.1,4등급,15000,4.1
153,2023,Mercedes-Benz EQC400 4MATIC,벤츠,전기,0.0,3.1,5등급,15000,3.1
154,2023,Mercedes-Benz EQE 350 +,벤츠,전기,0.0,4.6,3등급,15000,4.6
155,2023,Mercedes-Benz EQE 350 4MATIC,벤츠,전기,0.0,4.0,4등급,15000,4.0
156,2023,Mercedes-Benz EQE300,벤츠,전기,0.0,4.2,3등급,15000,4.2
157,2023,Mercedes-Benz EQE350 +,벤츠,전기,0.0,4.3,3등급,15000,4.3
158,2023,Mercedes-Benz EQE350 4MATIC,벤츠,전기,0.0,4.0,4등급,15000,4.0
159,2023,Mercedes-Benz EQE350 4MATIC SUV,벤츠,전기,0.0,3.9,4등급,15000,3.9
160,2023,Mercedes-Benz EQE500 4MATIC SUV,벤츠,전기,0.0,3.8,4등급,15000,3.8
161,2020,파워프라자 봉고3ev PEACE 더블캡,(주)파워프라자,전기,0.0,2.0,고속,15000,2.0
162,2020,"쏘울 전기차 (도심형, 39.2kWh)",기아,전기,0.0,5.6,고속,15000,5.6
163,2020,Peugeot e-2008 SUV,PSA Automobiles,전기,0.0,4.3,고속,15000,4.3
164,2020,Danigo(다니고),(주)대창모터스,전기,0.0,5.3,저속,15000,5.3
165,2020,Model 3 Long Range,테슬라코리아 유한회사,전기,0.0,5.0,고속,15000,5.1
166,2020,아이오닉 전기차(PE),현대,전기,0.0,6.3,고속,15000,6.3
167,2020,Model S 100D,테슬라코리아 유한회사,전기,0.0,4.0,고속,15000,4.6
168,2020,DS3 CROSSBACK E-TENSE,PSA Automobiles,전기,0.0,4.3,고속,15000,4.3
169,2020,Model X Long Range,테슬라코리아 유한회사,전기,0.0,3.9,고속,15000,3.9
170,2020,재규어 I-PACE EV400,재규어,전기,0.0,3.5,고속,15000,3.5
171,2020,ZOE,르노삼성,전기,0.0,4.8,고속,15000,4.8
172,2020,D2P,쎄미시스코,전기,0.0,5.2,고속,15000,5.2
173,2020,제인모터스칼마토EV1톤내장탑차,제인모터스,전기,0.0,2.3,고속,15000,2.3
174,2020,파워프라자 라보 ev PEACE,한국지엠,전기,0.0,3.5,고속,15000,3.5
175,2020,BMW i3 94Ah,BMW,전기,0.0,5.4,고속,15000,5.4
176,2020,e-tron Sportback 50 uattro,아우디,전기,0.0,3.0,고속,15000,3.0
177,2020,LEAF PLUS,닛산,전기,0.0,4.8,고속,15000,4.8
178,2020,Model 3 Performance,테슬라코리아 유한회사,전기,0.0,4.7,고속,15000,5.1
179,2020,마이브 M1,투데이션샤인,전기,0.0,5.5,고속,15000,5.5
180,2020,CHEVROLET BOLT EV,GM,전기,0.0,5.4,고속,15000,5.4
181,2020,LEAF,닛산,전기,0.0,5.2,고속,15000,5.2
182,2020,마스타(MASTA)VAN,마스타전기차(주),전기,0.0,6.1,고속,15000,6.1
183,2020,타이칸 4S (High),포르쉐,전기,0.0,2.9,고속,15000,2.9
184,2020,코나 전기자동차 (기본형),현대,전기,0.0,5.6,고속,15000,5.6
185,2020,BMW i3 120Ah,BMW,전기,0.0,5.6,고속,15000,5.6
186,2020,"타이칸 4S (High, 5인승)",포르쉐,전기,0.0,2.9,고속,15000,2.9
187,2020,"니로 전기차 (경제형, 39.2kWh)",기아,전기,0.0,5.5,고속,15000,5.3
188,2020,Peugeot e-208,PSA Automobiles,전기,0.0,4.4,고속,15000,4.4
189,2020,SM3 Z.E.,르노삼성,전기,0.0,4.5,고속,15000,4.5
190,2020,e-tron 50 uattro,아우디,전기,0.0,2.9,고속,15000,2.9
191,2020,플러스(PLUS),(주) 한신자동차,전기,0.0,2.5,고속,15000,2.5
192,2020,"니로 전기차 (기본형, 64kWh)",기아,전기,0.0,5.3,고속,15000,5.3
193,2020,DANIGO 3,(주)대창모터스,전기,0.0,6.1,고속,15000,6.1
194,2020,봉고 전기차,기아,전기,0.0,3.1,고속,15000,3.1
195,2020,CEVO-C,Supa Motor Limited,전기,0.0,6.4,고속,15000,6.4
196,2020,D2C,쎄미시스코,전기,0.0,5.2,고속,15000,5.2
197,2020,TWIZY Cargo(1인승),르노삼성,전기,0.0,7.9,고속,15000,7.9
198,2020,SMART EV Z,쎄미시스코,전기,0.0,5.8,고속,15000,5.8
199,2020,Model S 75D,테슬라코리아 유한회사,전기,0.0,4.3,고속,15000,4.6
200,2020,파워프라자 봉고3ev PEACE,(주)파워프라자,전기,0.0,2.4,고속,15000,2.4
201,2020,Model S Long Range,테슬라코리아 유한회사,전기,0.0,4.3,고속,15000,4.6
202,2020,CHEVROLET BOLT EV,한국지엠,전기,0.0,5.5,고속,15000,5.5
203,2020,EV SAVER(파워테크닉스 세이버 KNCSZ76ADK803665),파워테크닉스,전기,0.0,1.6,고속,15000,1.6
204,2020,포터일렉트릭,현대,전기,0.0,3.1,고속,15000,3.1
205,2020,CEVO-C SE,(주)캠시스,전기,0.0,6.3,고속,15000,6.3
206,2020,아이오닉 전기차 (18MY),현대,전기,0.0,6.3,고속,15000,6.3
207,2020,코나 전기자동차 (도심형),현대,전기,0.0,5.8,고속,15000,5.6
208,2020,Model 3 Standard Range Plus RWD,테슬라코리아 유한회사,전기,0.0,5.8,고속,15000,5.1
209,2020,Model S Performance,테슬라코리아 유한회사,전기,0.0,4.2,고속,15000,4.6
210,2020,다니고3픽업(DANIGO 3 PICK UP),(주)대창모터스,전기,0.0,6.1,고속,15000,6.1
211,2020,e-tron 55 uattro,아우디,전기,0.0,3.0,고속,15000,3.0
212,2020,LEAF,닛산,전기,0.0,5.1,고속,15000,5.1
213,2020,Model X Performance,테슬라코리아 유한회사,전기,0.0,3.7,고속,15000,3.7
214,2020,LSEV,코리아에어카고,전기,0.0,4.4,고속,15000,4.4
215,2020,TWIZY Urban(2인승),르노삼성,전기,0.0,7.9,고속,15000,7.9
216,2020,Change,AD모터스,전기,0.0,4.3,저속,15000,4.3
217,2020,"쏘울 전기차(기본형, 64kWh)",기아,전기,0.0,5.4,고속,15000,5.4
218,2020,포트로(HMT-101),(주)디피코,전기,0.0,3.8,고속,15000,3.8
219,2021,e-tron GT uattro,아우디,전기,0.0,3.7,고속(전기),15000,3.7
220,2020,벤츠 EQC 400 4MATIC,벤츠,전기,0.0,3.2,고속,15000,3.2
221,2021,Mercedes-Benz EQS450 +,벤츠,전기,0.0,3.8,고속(전기),15000,3.8
222,2021,BMW i4 M50,BMW,전기,0.0,4.1,고속(전기),15000,4.8
223,2021,GV60 4WD 19인치,현대,전기,0.0,4.5,고속(전기),15000,4.9
224,2021,타이칸 터보 S,포르쉐,전기,0.0,2.8,고속(전기),15000,2.8
225,2021,EV6 항속형 4WD 19인치,기아,전기,0.0,5.0,고속(전기),15000,5.3
226,2021,GV60 RWD 19인치,현대,전기,0.0,5.1,고속(전기),15000,4.9
227,2021,e-tron 55 uattro,아우디,전기,0.0,3.0,고속(전기),15000,3.0
228,2021,Model 3 Standard Range Plus RWD,테슬라코리아 유한회사,전기,0.0,5.8,고속(전기),15000,5.1
229,2021,Model 3 Performance,테슬라코리아 유한회사,전기,0.0,4.7,고속(전기),15000,5.1
230,2021,Model X Long Range,테슬라코리아 유한회사,전기,0.0,3.9,고속(전기),15000,3.9
231,2021,GV60 4WD 무선충전,현대,전기,0.0,4.1,고속(전기),15000,4.9
232,2021,플러스2.0(카고),(주) 한신자동차,전기,0.0,2.5,고속(전기),15000,2.5
233,2021,CHEVROLET BOLT EV,한국지엠,전기,0.0,5.5,고속(전기),15000,5.5
234,2021,타이칸 4S (5인승),포르쉐,전기,0.0,3.0,고속(전기),15000,3.0
235,2021,e-tron Sportback 55 uattro,아우디,전기,0.0,3.1,고속(전기),15000,3.1
236,2021,아이오닉5 항속형 RWD 20인치,현대,전기,0.0,4.9,고속(전기),15000,5.1
237,2021,GV60 성능형 4WD 무선충전,현대,전기,0.0,3.9,고속(전기),15000,4.9
238,2021,포트로 픽업(HMT-250P),(주)디피코,전기,0.0,4.2,고속(전기),15000,4.2
239,2021,EV6 기본형 RWD 19인치,기아,전기,0.0,5.6,고속(전기),15000,5.3
240,2021,타이칸 4S,포르쉐,전기,0.0,3.0,고속(전기),15000,3.0
241,2021,TWIZY Urban(2인승),르노삼성,전기,0.0,7.9,고속(전기),15000,7.9
242,2021,아이오닉5 기본형 4WD 19인치,현대,전기,0.0,4.8,고속(전기),15000,5.1
243,2021,Peugeot e-2008 SUV,PSA Automobiles,전기,0.0,4.3,고속(전기),15000,4.3
244,2021,Mercedes-Benz EQC400 4MATIC,벤츠,전기,0.0,3.1,고속(전기),15000,3.1
245,2021,타이칸 크로스 투리스모,포르쉐,전기,0.0,2.9,고속(전기),15000,2.9
246,2021,아이오닉5 항속형 4WD 19인치,현대,전기,0.0,4.7,고속(전기),15000,5.1
247,2021,벤츠 EQC 400 4MATIC,벤츠,전기,0.0,3.2,고속(전기),15000,3.2
248,2021,LEAF PLUS,닛산,전기,0.0,4.8,고속(전기),15000,4.8
249,2021,포트로 탑(HMT-250T),(주)디피코,전기,0.0,4.2,고속(전기),15000,4.2
250,2021,"쏘울 전기차(기본형, 64kWh)",기아,전기,0.0,5.4,고속(전기),15000,5.4
251,2021,LSEV,코리아에어카고,전기,0.0,4.4,고속(전기),15000,4.4
252,2021,타이칸 터보 (5인승),포르쉐,전기,0.0,2.9,고속(전기),15000,2.9
253,2021,Model X Performance,테슬라코리아 유한회사,전기,0.0,3.7,고속(전기),15000,3.7
254,2021,MG ZS EV,(주) 케이모터,전기,0.0,4.3,고속(전기),15000,4.3
255,2021,타이칸 크로스 투리스모 4S (5인승),포르쉐,전기,0.0,2.9,고속(전기),15000,2.9
256,2021,CEVO-C,Supa Motor Limited,전기,0.0,6.4,고속(전기),15000,6.4
257,2021,EV6 항속형 RWD 19인치(빌트인캠미적용),기아,전기,0.0,5.4,고속(전기),15000,5.3
258,2021,"타이칸 (High, 5인승)",포르쉐,전기,0.0,3.0,고속(전기),15000,3.0
259,2021,봉고 전기차,기아,전기,0.0,3.1,고속(전기),15000,3.1
260,2021,RS e-tron GT,아우디,전기,0.0,3.4,고속(전기),15000,3.4
261,2021,포터일렉트릭,현대,전기,0.0,3.1,고속(전기),15000,3.1
262,2021,BMW i3 94Ah,BMW,전기,0.0,5.4,고속(전기),15000,5.4
263,2021,GV60 4WD 20인치,현대,전기,0.0,4.3,고속(전기),15000,4.9
264,2021,Model X Performance,테슬라코리아 유한회사,전기,0.0,3.8,고속(전기),15000,3.8
265,2021,Model S Long Range,테슬라코리아 유한회사,전기,0.0,4.3,고속(전기),15000,4.6
266,2021,"니로 전기차 (기본형, 64kWh)",기아,전기,0.0,5.3,고속(전기),15000,5.3
267,2021,Model 3 Long Range,테슬라코리아 유한회사,전기,0.0,5.0,고속(전기),15000,5.1
268,2021,Model S 75D,테슬라코리아 유한회사,전기,0.0,4.3,고속(전기),15000,4.6
269,2021,파워프라자 봉고3ev PEACE 더블캡,(주)파워프라자,전기,0.0,2.0,고속(전기),15000,2.0
270,2021,포트로(HMT-101),(주)디피코,전기,0.0,3.8,고속(전기),15000,3.8
271,2021,Peugeot e-208,PSA Automobiles,전기,0.0,4.4,고속(전기),15000,4.4
272,2021,코란도 e-motion 2WD Heat Pump,쌍용,전기,0.0,4.9,고속(전기),15000,4.9
273,2021,타이칸,포르쉐,전기,0.0,3.1,고속(전기),15000,3.1
274,2021,마스타(MASTA)VAN,마스타전기차(주),전기,0.0,6.1,고속(전기),15000,6.1
275,2021,ZOE,르노삼성,전기,0.0,4.8,고속(전기),15000,4.8
276,2021,EV6 항속형 RWD 20인치,기아,전기,0.0,4.9,고속(전기),15000,5.3
277,2021,제인모터스칼마토EV1톤내장탑차,제인모터스,전기,0.0,2.3,고속(전기),15000,2.3
278,2021,타이칸 4S (High),포르쉐,전기,0.0,2.9,고속(전기),15000,2.9
279,2021,EV SAVER(파워테크닉스 세이버 KNCSZ76ADK803665),파워테크닉스,전기,0.0,1.6,고속(전기),15000,1.6
280,2021,GV60 성능형 4WD 21인치,현대,전기,0.0,4.1,고속(전기),15000,4.9
281,2021,"쏘울 전기차 (도심형, 39.2kWh)",기아,전기,0.0,5.6,고속(전기),15000,5.6
282,2021,비바,Liaoning Lingyuan Linghe,전기,0.0,4.8,고속(전기),15000,4.8
283,2021,BMW iX xDrive40,BMW,전기,0.0,3.9,고속(전기),15000,3.9
284,2021,LEAF,닛산,전기,0.0,5.1,고속(전기),15000,5.1
285,2021,Model Y Standard Range,테슬라코리아 유한회사,전기,0.0,5.6,고속(전기),15000,5.0
286,2021,Model 3 Standard Range Plus RWD,테슬라코리아 유한회사,전기,0.0,6.1,고속(전기),15000,5.1
287,2021,Model X Long Range Plus,테슬라코리아 유한회사,전기,0.0,4.0,고속(전기),15000,4.0
288,2021,Peugeot e-208,PSA Automobiles,전기,0.0,5.4,고속(전기),15000,5.4
289,2021,BMW i3 120Ah,BMW,전기,0.0,5.6,고속(전기),15000,5.6
290,2021,아이오닉5 항속형 RWD 19인치,현대,전기,0.0,5.1,고속(전기),15000,5.1
291,2021,코나 전기자동차 (도심형),현대,전기,0.0,5.8,고속(전기),15000,5.6
292,2021,다니고3픽업(DANIGO 3 PICK UP),(주)대창모터스,전기,0.0,6.1,고속(전기),15000,6.1
293,2021,Model Y Performance,테슬라코리아 유한회사,전기,0.0,4.8,고속(전기),15000,5.0
294,2021,D2C,쎄미시스코,전기,0.0,5.2,고속(전기),15000,5.2
295,2021,Model S 100D,테슬라코리아 유한회사,전기,0.0,4.0,고속(전기),15000,4.6
296,2021,아이오닉5 기본형 RWD 19인치,현대,전기,0.0,5.1,고속(전기),15000,5.1
297,2021,파워프라자 봉고3ev PEACE,(주)파워프라자,전기,0.0,2.4,고속(전기),15000,2.4
298,2021,Model S Performance,테슬라코리아 유한회사,전기,0.0,4.2,고속(전기),15000,4.6
299,2021,아이오닉5 항속형 4WD 20인치,현대,전기,0.0,4.5,고속(전기),15000,5.1
300,2021,CHEVROLET BOLT EV,GM,전기,0.0,5.4,고속(전기),15000,5.4
301,2021,타이칸 터보 S (5인승),포르쉐,전기,0.0,2.8,고속(전기),15000,2.8
302,2021,Change,AD모터스,전기,0.0,4.3,저속(전기),15000,4.3
303,2021,EV6 기본형 4WD 19인치,기아,전기,0.0,5.3,고속(전기),15000,5.3
304,2021,타이칸 크로스 투리스모 4S,포르쉐,전기,0.0,2.9,고속(전기),15000,2.9
305,2021,마이브 M1,투데이션샤인,전기,0.0,5.5,고속(전기),15000,5.5
306,2021,G80 Electrified,현대,전기,0.0,4.3,고속(전기),15000,4.3
307,2021,코나 전기자동차 (기본형),현대,전기,0.0,5.6,고속(전기),15000,5.6
308,2021,타이칸 (5인승),포르쉐,전기,0.0,3.1,고속(전기),15000,3.1
309,2021,Model 3 Long Range,테슬라코리아 유한회사,전기,0.0,5.6,고속(전기),15000,5.1
310,2021,타이칸 크로스 투리스모 터보,포르쉐,전기,0.0,2.8,고속(전기),15000,2.8
311,2021,SMART EV Z,쎄미시스코,전기,0.0,5.8,고속(전기),15000,5.8
312,2021,타이칸 (High),포르쉐,전기,0.0,3.0,고속(전기),15000,3.0
313,2021,D2P,쎄미시스코,전기,0.0,5.2,고속(전기),15000,5.2
314,2021,재규어 I-PACE EV400,재규어,전기,0.0,3.5,고속(전기),15000,3.5
315,2021,Danigo(다니고),(주)대창모터스,전기,0.0,5.3,저속(전기),15000,5.3
316,2021,CEVO-C SE,(주)캠시스,전기,0.0,6.3,고속(전기),15000,6.3
317,2021,CHEVROLET BOLT EUV,GM,전기,0.0,5.5,고속(전기),15000,5.5
318,2021,e-tron Sportback 50 uattro,아우디,전기,0.0,3.0,고속(전기),15000,3.0
319,2021,e-tron 50 uattro,아우디,전기,0.0,2.9,고속(전기),15000,2.9
320,2021,파워프라자 라보 ev PEACE,한국지엠,전기,0.0,3.5,고속(전기),15000,3.5
321,2021,D2C(D2C13),쎄미시스코,전기,0.0,5.4,고속(전기),15000,5.4
322,2021,BMW iX3 M Sport,BMW,전기,0.0,4.1,고속(전기),15000,4.4
323,2021,Model 3 Performance,테슬라코리아 유한회사,전기,0.0,5.1,고속(전기),15000,5.1
324,2021,타이칸 크로스 투리스모 터보 (5인승),포르쉐,전기,0.0,2.8,고속(전기),15000,2.8
325,2021,Model S Long Range Plus,테슬라코리아 유한회사,전기,0.0,4.4,고속(전기),15000,4.6
326,2021,타이칸 터보,포르쉐,전기,0.0,2.9,고속(전기),15000,2.9
327,2021,LEAF,닛산,전기,0.0,5.2,고속(전기),15000,5.2
328,2021,타이칸 크로스 투리스모 (5인승),포르쉐,전기,0.0,2.9,고속(전기),15000,2.9
329,2021,"니로 전기차 (경제형, 39.2kWh)",기아,전기,0.0,5.5,고속(전기),15000,5.3
330,2021,Mercedes-Benz EQA250,벤츠,전기,0.0,4.0,고속(전기),15000,4.0
331,2021,EV6 항속형 4WD 20인치,기아,전기,0.0,4.6,고속(전기),15000,5.3
332,2021,아이오닉 전기차 (18MY),현대,전기,0.0,6.3,고속(전기),15000,6.3
333,2021,DS3 CROSSBACK E-TENSE,PSA Automobiles,전기,0.0,4.3,고속(전기),15000,4.3
334,2021,Model Y Long Range,테슬라코리아 유한회사,전기,0.0,5.4,고속(전기),15000,5.0
335,2021,BMW iX xDrive50,BMW,전기,0.0,3.6,고속(전기),15000,3.6
336,2021,Mercedes-Benz EQA250,벤츠,전기,0.0,4.1,고속(전기),15000,4.1
337,2021,플러스(PLUS),(주) 한신자동차,전기,0.0,2.5,고속(전기),15000,2.5
338,2021,"타이칸 4S (High, 5인승)",포르쉐,전기,0.0,2.9,고속(전기),15000,2.9
339,2021,다니고VAN,(주)대창모터스,전기,0.0,3.6,고속(전기),15000,3.6
340,2021,DANIGO 3,(주)대창모터스,전기,0.0,6.1,고속(전기),15000,6.1
341,2021,Model S Performance,테슬라코리아 유한회사,전기,0.0,4.3,고속(전기),15000,4.6
342,2021,아이오닉5 항속형 RWD 19인치 빌트인캠,현대,전기,0.0,5.1,고속(전기),15000,5.1
343,2021,아이오닉 전기차(PE),현대,전기,0.0,6.3,고속(전기),15000,6.3
344,2022,BMW iX xDrive50,BMW,전기,0.0,3.7,고속,15000,3.7
345,2021,TWIZY Cargo(1인승),르노삼성,전기,0.0,7.9,고속(전기),15000,7.9
346,2021,EV6 항속형 RWD 19인치(빌트인캠적용),기아,전기,0.0,5.3,고속(전기),15000,5.3
347,2022,D2C(D2C13),쎄미시스코,전기,0.0,5.4,고속,15000,5.4
348,2022,아이오닉6 항속형 RWD 18인치,현대,전기,0.0,6.0,고속,15000,5.5
349,2022,BMW iX xDrive40,BMW,전기,0.0,3.9,고속,15000,3.9
350,2022,렉서스 UX300e,토요타,전기,0.0,4.7,고속,15000,4.7
351,2022,Model X Long Range,테슬라코리아 유한회사,전기,0.0,3.9,고속,15000,3.9
352,2022,Polestar 2 Long Range Single Motor,폴스타,전기,0.0,4.8,고속,15000,4.8
353,2022,Model 3 Performance,테슬라코리아 유한회사,전기,0.0,4.7,고속,15000,5.1
354,2022,DANIGO 3,(주)대창모터스,전기,0.0,6.1,고속,15000,6.1
355,2022,Q4 e-tron 40,아우디,전기,0.0,4.3,고속,15000,4.3
356,2022,Model 3 Standard Range Plus RWD,테슬라코리아 유한회사,전기,0.0,5.8,고속,15000,5.1
357,2022,아이오닉5 항속형 4WD 19인치,현대,전기,0.0,4.7,고속,15000,5.1
358,2022,GV70 Electrified 20인치,현대,전기,0.0,4.3,고속,15000,4.3
359,2022,Mercedes-Benz EQB300 4MATIC (5 Seater),벤츠,전기,0.0,4.1,고속,15000,4.1
360,2022,타이칸 GTS,포르쉐,전기,0.0,3.2,고속,15000,3.2
361,2022,Danigo(다니고),(주)대창모터스,전기,0.0,5.3,저속,15000,5.3
362,2022,e-tron Sportback 55 uattro,아우디,전기,0.0,3.1,고속,15000,3.1
363,2022,아이오닉5 항속형 RWD 19인치,현대,전기,0.0,5.1,고속,15000,5.1
364,2022,아이오닉6 항속형 AWD 18인치,현대,전기,0.0,5.5,고속,15000,5.5
365,2022,EV6 항속형 RWD 19인치(빌트인캠미적용),기아,전기,0.0,5.4,고속,15000,5.3
366,2022,Model Y Long Range,테슬라코리아 유한회사,전기,0.0,5.4,고속,15000,5.0
367,2022,e-tron 50 uattro,아우디,전기,0.0,2.9,고속,15000,2.9
368,2022,Peugeot e-2008 SUV,PSA Automobiles,전기,0.0,4.3,고속,15000,4.3
369,2022,Model 3 Standard Range Plus RWD,테슬라코리아 유한회사,전기,0.0,6.1,고속,15000,5.1
370,2022,볼보 C40 Recharge Twin,볼보,전기,0.0,4.1,고속,15000,4.1
371,2022,Peugeot e-208,PSA Automobiles,전기,0.0,4.4,고속,15000,4.4
372,2022,타이칸 크로스 투리스모 (5인승),포르쉐,전기,0.0,2.9,고속,15000,2.9
373,2022,아이오닉6 항속형 AWD 20인치,현대,전기,0.0,4.8,고속,15000,5.5
374,2022,포트로 픽업(HMT-250P),(주)디피코,전기,0.0,4.2,고속,15000,4.2
375,2022,타이칸 크로스 투리스모,포르쉐,전기,0.0,2.9,고속,15000,2.9
376,2022,e-tron GT uattro,아우디,전기,0.0,3.7,고속,15000,3.7
377,2022,포터 일렉트릭 22MY,현대,전기,0.0,3.1,고속,15000,3.1
378,2022,타이칸 터보,포르쉐,전기,0.0,2.9,고속,15000,2.9
379,2022,벤츠 EQC 400 4MATIC,벤츠,전기,0.0,3.2,고속,15000,3.2
380,2022,ID.4 Pro,폭스바겐,전기,0.0,4.7,고속,15000,4.7
381,2022,제인모터스칼마토EV1톤내장탑차,제인모터스,전기,0.0,2.3,고속,15000,2.3
382,2022,아이오닉5 항속형 RWD 19인치 빌트인캠 (77.4kWh),현대,전기,0.0,5.1,고속,15000,5.1
383,2022,e-tron S,아우디,전기,0.0,2.7,고속,15000,2.7
384,2022,e-tron 55 uattro,아우디,전기,0.0,3.0,고속,15000,3.0
385,2022,Mercedes-Benz EQA250,벤츠,전기,0.0,4.0,고속,15000,4.0
386,2022,BMW iX3 M Sport,BMW,전기,0.0,4.1,고속,15000,4.4
387,2022,코란도 e-motion 2WD Non Heat Pump,쌍용,전기,0.0,4.9,고속,15000,4.9
388,2022,BMW iX M60,BMW,전기,0.0,3.4,고속,15000,3.4
389,2022,비바,Liaoning Lingyuan Linghe,전기,0.0,4.8,고속,15000,4.8
390,2022,아이오닉 전기차(PE),현대,전기,0.0,6.3,고속,15000,6.3
391,2022,Model Y Performance,테슬라코리아 유한회사,전기,0.0,4.8,고속,15000,5.0
392,2022,Mercedes-Benz EQE350 +,벤츠,전기,0.0,4.3,고속,15000,4.3
393,2022,DS3 CROSSBACK E-TENSE,PSA Automobiles,전기,0.0,4.9,고속,15000,4.9
394,2022,타이칸 터보 (5인승),포르쉐,전기,0.0,2.9,고속,15000,2.9
395,2022,파워프라자 라보 ev PEACE,한국지엠,전기,0.0,3.5,고속,15000,3.5
396,2022,다니고VAN,(주)대창모터스,전기,0.0,3.6,고속,15000,3.6
397,2022,EV6 항속형 RWD 19인치(빌트인캠적용),기아,전기,0.0,5.3,고속,15000,5.3
398,2022,Model X Plaid,테슬라코리아 유한회사,전기,0.0,4.1,고속,15000,4.1
399,2022,아이오닉5 항속형 RWD 19인치 (77.4kWh),현대,전기,0.0,5.2,고속,15000,5.1
400,2022,타이칸 4S,포르쉐,전기,0.0,3.0,고속,15000,3.0
401,2022,T4K,BYD,전기,0.0,2.6,고속,15000,2.6
402,2022,타이칸 (High),포르쉐,전기,0.0,3.0,고속,15000,3.0
403,2022,비바,Liaoning Lingyuan Linghe,전기,0.0,4.6,고속,15000,4.6
404,2022,CEVO-C SE 1인승 밴형,주식회사 쎄보모빌리티,전기,0.0,6.3,고속,15000,6.3
405,2022,MINI Cooper SE,MINI,전기,0.0,4.5,고속,15000,4.5
406,2022,MASADA 2밴,DFSK,전기,0.0,3.8,고속,15000,3.8
407,2022,타이칸 터보 S (5인승),포르쉐,전기,0.0,2.8,고속,15000,2.8
408,2022,Change,AD모터스,전기,0.0,4.3,저속,15000,4.3
409,2022,MASADA 픽업,DFSK,전기,0.0,3.5,고속,15000,3.5
410,2022,GV60 4WD 무선충전,현대,전기,0.0,4.1,고속,15000,4.9
411,2022,Model S 100D,테슬라코리아 유한회사,전기,0.0,4.0,고속,15000,4.6
412,2022,LEAF,닛산,전기,0.0,5.1,고속,15000,5.1
413,2022,타이칸 터보 S,포르쉐,전기,0.0,2.8,고속,15000,2.8
414,2022,타이칸 크로스 투리스모 터보,포르쉐,전기,0.0,2.8,고속,15000,2.8
415,2022,"니로 전기차 (경제형, 39.2kWh)",기아,전기,0.0,5.5,고속,15000,5.3
416,2022,Model S Long Range Plus,테슬라코리아 유한회사,전기,0.0,4.4,고속,15000,4.6
417,2022,MASADA 3세대 4밴,DFSK,전기,0.0,3.8,고속,15000,3.8
418,2022,ZOE,르노코리아자동차(주),전기,0.0,4.8,고속,15000,4.8
419,2022,GV60 RWD 19인치,현대,전기,0.0,5.1,고속,15000,4.9
420,2022,EV SAVER(파워테크닉스 세이버 KNCSZ76ADK803665),파워테크닉스,전기,0.0,1.6,고속,15000,1.6
421,2022,"타이칸 4S (High, 5인승)",포르쉐,전기,0.0,2.9,고속,15000,2.9
422,2022,Mercedes-Benz EQE350 4MATIC,벤츠,전기,0.0,4.0,고속,15000,4.0
423,2022,CHEVROLET BOLT EUV,GM,전기,0.0,5.5,고속,15000,5.5
424,2022,Mercedes-Benz EQS580 4MATIC SUV,벤츠,전기,0.0,3.5,고속,15000,3.5
425,2022,아이오닉5 항속형 4WD 20인치 (77.4kWh),현대,전기,0.0,4.4,고속,15000,5.1
426,2022,타이칸 크로스 투리스모 4S,포르쉐,전기,0.0,2.9,고속,15000,2.9
427,2022,Mercedes-Benz EQA250,벤츠,전기,0.0,4.1,고속,15000,4.1
428,2022,Model X Long Range Plus,테슬라코리아 유한회사,전기,0.0,4.0,고속,15000,4.0
429,2022,아이오닉5 기본형 RWD 19인치,현대,전기,0.0,5.1,고속,15000,5.1
430,2022,Mercedes-Benz EQS450 4MATIC SUV,벤츠,전기,0.0,3.6,고속,15000,3.6
431,2022,Model S Long Range,테슬라코리아 유한회사,전기,0.0,4.3,고속,15000,4.6
432,2022,아이오닉 전기차 (18MY),현대,전기,0.0,6.3,고속,15000,6.3
433,2022,EV6 항속형 4WD 19인치,기아,전기,0.0,5.0,고속,15000,5.3
434,2022,아이오닉5 항속형 RWD 19인치 빌트인캠,현대,전기,0.0,5.1,고속,15000,5.1
435,2022,LSEV,코리아에어카고,전기,0.0,4.4,고속,15000,4.4
436,2022,Model S 75D,테슬라코리아 유한회사,전기,0.0,4.3,고속,15000,4.6
437,2022,타이칸 4S (5인승),포르쉐,전기,0.0,3.0,고속,15000,3.0
438,2022,타이칸 크로스 투리스모 4S (5인승),포르쉐,전기,0.0,2.9,고속,15000,2.9
439,2022,Model X Performance,테슬라코리아 유한회사,전기,0.0,3.7,고속,15000,3.7
440,2022,Mercedes-Benz EQS450 4MATIC SUV(5seats),벤츠,전기,0.0,3.6,고속,15000,3.6
441,2022,Mercedes-Benz EQB300 4MATIC,벤츠,전기,0.0,4.1,고속,15000,4.1
442,2022,코나 전기자동차 (도심형),현대,전기,0.0,5.8,고속,15000,5.6
443,2022,"쏘울 전기차(기본형, 64kWh)",기아,전기,0.0,5.4,고속,15000,5.4
444,2022,BMW i3 120Ah,BMW,전기,0.0,5.6,고속,15000,5.6
445,2022,LEAF PLUS,닛산,전기,0.0,4.8,고속,15000,4.8
446,2022,Model 3 Long Range,테슬라코리아 유한회사,전기,0.0,5.0,고속,15000,5.1
447,2022,파워프라자 봉고3ev PEACE 더블캡,(주)파워프라자,전기,0.0,2.0,고속,15000,2.0
448,2022,Mercedes-Benz EQS450 +,벤츠,전기,0.0,3.8,고속,15000,3.8
449,2022,니로 플러스 EV 항속형 2WD 17인치,기아,전기,0.0,5.3,고속,15000,5.3
450,2022,아이오닉5 항속형 4WD 19인치 (77.4kWh),현대,전기,0.0,4.7,고속,15000,5.1
451,2022,SMART EV Z,쎄미시스코,전기,0.0,5.8,고속,15000,5.8
452,2022,Model 3 Long Range,테슬라코리아 유한회사,전기,0.0,5.6,고속,15000,5.1
453,2022,LEAF,닛산,전기,0.0,5.2,고속,15000,5.2
454,2022,MASADA 3세대 2밴,DFSK,전기,0.0,3.8,고속,15000,3.8
455,2022,EV6 기본형 4WD 19인치,기아,전기,0.0,5.3,고속,15000,5.3
456,2022,Mercedes-AMG EQS53 4MATIC +,벤츠,전기,0.0,3.2,고속,15000,3.2
457,2022,D2P,쎄미시스코,전기,0.0,5.2,고속,15000,5.2
458,2022,다니고C,(주)대창모터스,전기,0.0,3.1,고속,15000,3.1
459,2022,Model S AWD,테슬라코리아 유한회사,전기,0.0,4.5,고속,15000,4.6
460,2022,DS3 CROSSBACK E-TENSE,PSA Automobiles,전기,0.0,4.3,고속,15000,4.3
461,2022,타이칸 크로스 투리스모 터보 (5인승),포르쉐,전기,0.0,2.8,고속,15000,2.8
462,2022,"니로 전기차 (기본형, 64kWh)",기아,전기,0.0,5.3,고속,15000,5.3
463,2022,이티밴,Brilliance Shineray,전기,0.0,4.4,고속,15000,4.4
464,2022,Mercedes-AMG EQE53 4MATIC +,벤츠,전기,0.0,3.3,고속,15000,3.3
465,2022,Mercedes-Benz EQS450 4MATIC,벤츠,전기,0.0,3.5,고속,15000,3.5
466,2022,Model X Performance,테슬라코리아 유한회사,전기,0.0,3.8,고속,15000,3.8
467,2022,Peugeot e-208,PSA Automobiles,전기,0.0,5.4,고속,15000,5.4
468,2022,봉고 전기차 (22),기아,전기,0.0,3.1,고속,15000,3.1
469,2022,아이오닉5 항속형 4WD 20인치,현대,전기,0.0,4.5,고속,15000,5.1
470,2022,GV60 4WD 20인치,현대,전기,0.0,4.3,고속,15000,4.9
471,2022,타이칸 4S (High),포르쉐,전기,0.0,2.9,고속,15000,2.9
472,2022,BMW i4 eDrive40,BMW,전기,0.0,4.6,고속,15000,4.8
473,2022,GV70 Electrified 무선충전,현대,전기,0.0,4.2,고속,15000,4.2
474,2022,코란도 e-motion 2WD Heat Pump,쌍용,전기,0.0,4.9,고속,15000,4.9
475,2022,BMW i7 xDrive60,BMW,전기,0.0,3.7,고속,15000,3.7
476,2022,CHEVROLET BOLT EV,GM,전기,0.0,5.4,고속,15000,5.4
477,2022,코나 전기자동차 (기본형),현대,전기,0.0,5.6,고속,15000,5.6
478,2022,타이칸 GTS (5인승),포르쉐,전기,0.0,3.2,고속,15000,3.2
479,2022,파워프라자 봉고3ev PEACE,(주)파워프라자,전기,0.0,2.4,고속,15000,2.4
480,2022,CEVO-C SE,(주)캠시스,전기,0.0,6.3,고속,15000,6.3
481,2022,Mercedes-Benz EQS350,벤츠,전기,0.0,4.0,고속,15000,4.0
482,2022,MG ZS EV,(주) 케이모터,전기,0.0,4.3,고속,15000,4.3
483,2022,Model S Plaid,테슬라코리아 유한회사,전기,0.0,4.1,고속,15000,4.6
484,2022,타이칸,포르쉐,전기,0.0,3.1,고속,15000,3.1
485,2022,재규어 I-PACE EV400,재규어,전기,0.0,3.5,고속,15000,3.5
486,2022,다니고3픽업(DANIGO 3 PICK UP),(주)대창모터스,전기,0.0,6.1,고속,15000,6.1
487,2022,GV60 성능형 4WD 21인치,현대,전기,0.0,4.1,고속,15000,4.9
488,2022,봉고 전기차,기아,전기,0.0,3.1,고속,15000,3.1
489,2022,MASADA 4밴,DFSK,전기,0.0,3.8,고속,15000,3.8
490,2022,"타이칸 (High, 5인승)",포르쉐,전기,0.0,3.0,고속,15000,3.0
491,2022,GV70 Electrified 19인치,현대,전기,0.0,4.6,고속,15000,4.6
492,2022,EV6 항속형 4WD 20인치,기아,전기,0.0,4.6,고속,15000,5.3
493,2022,플러스2.0(카고),(주) 한신자동차,전기,0.0,2.5,고속,15000,2.5
494,2022,Polestar 2 Long Range Dual Motor,폴스타,전기,0.0,3.8,고속,15000,3.8
495,2022,니로 EV 17인치,기아,전기,0.0,5.3,고속,15000,5.3
496,2022,Model Y Standard Range,테슬라코리아 유한회사,전기,0.0,5.6,고속,15000,5.0
497,2022,볼보 XC40 Recharge Twin,볼보,전기,0.0,3.9,고속,15000,3.9
498,2022,D2C,쎄미시스코,전기,0.0,5.2,고속,15000,5.2
499,2022,Model 3 RWD,테슬라코리아 유한회사,전기,0.0,5.7,고속,15000,5.1
500,2022,타이칸 (5인승),포르쉐,전기,0.0,3.1,고속,15000,3.1
501,2022,Model 3 Performance,테슬라코리아 유한회사,전기,0.0,5.1,고속,15000,5.1
502,2022,마이브 M1,투데이션샤인,전기,0.0,5.5,고속,15000,5.5
503,2022,"쏘울 전기차 (도심형, 39.2kWh)",기아,전기,0.0,5.6,고속,15000,5.6
504,2022,GV60 4WD 19인치,현대,전기,0.0,4.5,고속,15000,4.9
505,2022,EV6 항속형 RWD 20인치,기아,전기,0.0,4.9,고속,15000,5.3
506,2022,브라보,Liaoning Lingyuan Linghe,전기,0.0,4.1,고속,15000,4.1
507,2022,GV60 성능형 4WD 무선충전,현대,전기,0.0,3.9,고속,15000,4.9
508,2022,BMW i4 M50,BMW,전기,0.0,4.1,고속,15000,4.8
509,2022,아이오닉6 기본형 RWD 18인치,현대,전기,0.0,6.2,고속,15000,5.5
510,2022,RS e-tron GT,아우디,전기,0.0,3.4,고속,15000,3.4
511,2022,아이오닉6 항속형 RWD 20인치,현대,전기,0.0,5.1,고속,15000,5.5
512,2022,Mercedes-Benz EQE300,벤츠,전기,0.0,4.2,고속,15000,4.2
513,2022,포트로 탑(HMT-250T),(주)디피코,전기,0.0,4.2,고속,15000,4.2
514,2022,EV6 기본형 RWD 19인치,기아,전기,0.0,5.6,고속,15000,5.3
515,2022,마스타(MASTA)VAN,마스타전기차(주),전기,0.0,6.1,고속,15000,6.1
516,2022,아이오닉5 항속형 RWD 20인치,현대,전기,0.0,4.9,고속,15000,5.1
517,2022,포트로(HMT-101),(주)디피코,전기,0.0,3.8,고속,15000,3.8
518,2022,CEVO-C,Supa Motor Limited,전기,0.0,6.4,고속,15000,6.4
519,2022,Model S Performance,테슬라코리아 유한회사,전기,0.0,4.3,고속,15000,4.6
520,2022,e-tron S Sportback,아우디,전기,0.0,2.7,고속,15000,2.7
521,2022,G80 Electrified,현대,전기,0.0,4.3,고속,15000,4.3
522,2022,Mercedes-AMG EQS53 4MATIC +,벤츠,전기,0.0,3.1,고속,15000,3.1
523,2022,포터일렉트릭,현대,전기,0.0,3.1,고속,15000,3.1
524,2022,젤라,"Dongfeng Automobile Co.,Ltd",전기,0.0,2.6,고속,15000,2.6
525,2022,e-tron Sportback 50 uattro,아우디,전기,0.0,3.0,고속,15000,3.0
526,2022,Model S Performance,테슬라코리아 유한회사,전기,0.0,4.2,고속,15000,4.6
527,2022,TWIZY Cargo(1인승),르노코리아자동차(주),전기,0.0,7.9,고속,15000,7.9
528,2022,아이오닉5 기본형 4WD 19인치,현대,전기,0.0,4.8,고속,15000,5.1
529,2022,Model X AWD,테슬라코리아 유한회사,전기,0.0,4.3,고속,15000,4.3
530,2022,Q4 Sportback e-tron 40,아우디,전기,0.0,4.1,고속,15000,4.1
531,2022,Peugeot e-2008 SUV,PSA Automobiles,전기,0.0,4.9,고속,15000,4.9
532,2022,TWIZY Urban(2인승),르노코리아자동차(주),전기,0.0,7.9,고속,15000,7.9
533,2022,CHEVROLET BOLT EV,한국지엠,전기,0.0,5.5,고속,15000,5.5
534,2022,Mercedes-Benz EQC400 4MATIC,벤츠,전기,0.0,3.1,고속,15000,3.1
535,2022,플러스(PLUS),(주) 한신자동차,전기,0.0,2.5,고속,15000,2.5
536,2022,포텐스,(주)진우에스엠씨,전기,0.0,4.5,고속,15000,4.5
537,2022,아이오닉5 항속형 RWD 20인치 (77.4kWh),현대,전기,0.0,4.8,고속,15000,5.1
538,2022,Mercedes-Benz EQS580 4MATIC SUV(5seats),벤츠,전기,0.0,3.5,고속,15000,3.5
539,2022,BMW iX xDrive50,BMW,전기,0.0,3.6,고속,15000,3.6
540,2023,Mercedes-Benz EQS 450 +,벤츠,전기,0.0,4.2,3등급,15000,4.2
541,2023,Mercedes-Benz EQS 450 4MATIC,벤츠,전기,0.0,4.0,4등급,15000,4.0
542,2023,Mercedes-Benz EQS350,벤츠,전기,0.0,4.0,4등급,15000,4.0
543,2023,Mercedes-Benz EQS450 +,벤츠,전기,0.0,3.8,4등급,15000,3.8
544,2023,Mercedes-Benz EQS450 4MATIC,벤츠,전기,0.0,3.5,4등급,15000,3.5
545,2023,Mercedes-Benz EQS450 4MATIC SUV,벤츠,전기,0.0,3.6,4등급,15000,3.6
546,2023,Mercedes-Benz EQS450 4MATIC SUV(5seats),벤츠,전기,0.0,3.6,4등급,15000,3.6
547,2023,Mercedes-Benz EQS580 4MATIC SUV,벤츠,전기,0.0,3.5,4등급,15000,3.5
548,2023,Mercedes-Benz EQS580 4MATIC SUV(5seats),벤츠,전기,0.0,3.5,4등급,15000,3.5
549,2023,Model 3 Long Range,테슬라코리아 유한회사,전기,0.0,5.0,2등급,15000,5.1
550,2023,Model 3 Long Range,테슬라코리아 유한회사,전기,0.0,5.6,2등급,15000,5.1
551,2023,Model 3 Performance,테슬라코리아 유한회사,전기,0.0,4.7,3등급,15000,5.1
552,2023,Model 3 Performance,테슬라코리아 유한회사,전기,0.0,5.1,2등급,15000,5.1
553,2023,Model 3 RWD,테슬라코리아 유한회사,전기,0.0,5.7,2등급,15000,5.1
554,2023,Model 3 Standard Range Plus RWD,테슬라코리아 유한회사,전기,0.0,5.8,1등급,15000,5.1
555,2023,Model 3 Standard Range Plus RWD,테슬라코리아 유한회사,전기,0.0,6.1,1등급,15000,5.1
556,2023,Model S 100D,테슬라코리아 유한회사,전기,0.0,4.0,4등급,15000,4.6
557,2023,Model S 75D,테슬라코리아 유한회사,전기,0.0,4.3,3등급,15000,4.6
558,2023,Model S AWD,테슬라코리아 유한회사,전기,0.0,4.5,3등급,15000,4.6
559,2023,Model S AWD,테슬라코리아 유한회사,전기,0.0,4.8,3등급,15000,4.6
560,2023,Model S Long Range,테슬라코리아 유한회사,전기,0.0,4.3,3등급,15000,4.6
561,2023,Model S Long Range Plus,테슬라코리아 유한회사,전기,0.0,4.4,3등급,15000,4.6
562,2023,Model S Performance,테슬라코리아 유한회사,전기,0.0,4.2,3등급,15000,4.6
563,2023,Model S Performance,테슬라코리아 유한회사,전기,0.0,4.3,3등급,15000,4.6
564,2023,Model S Plaid,테슬라코리아 유한회사,전기,0.0,4.1,4등급,15000,4.6
565,2023,Model X AWD,테슬라코리아 유한회사,전기,0.0,4.2,3등급,15000,4.2
566,2023,Model X AWD,테슬라코리아 유한회사,전기,0.0,4.3,3등급,15000,4.3
567,2023,Model X Long Range,테슬라코리아 유한회사,전기,0.0,3.9,4등급,15000,3.9
568,2023,Model X Long Range Plus,테슬라코리아 유한회사,전기,0.0,4.0,4등급,15000,4.0
569,2023,Model X Performance,테슬라코리아 유한회사,전기,0.0,3.7,4등급,15000,3.7
570,2023,Model X Performance,테슬라코리아 유한회사,전기,0.0,3.8,4등급,15000,3.8
571,2023,Model X Plaid,테슬라코리아 유한회사,전기,0.0,3.8,4등급,15000,3.8
572,2023,Model X Plaid,테슬라코리아 유한회사,전기,0.0,4.1,4등급,15000,4.1
573,2023,Model Y Long Range,테슬라코리아 유한회사,전기,0.0,5.4,2등급,15000,5.0
574,2023,Model Y Performance,테슬라코리아 유한회사,전기,0.0,4.8,3등급,15000,5.0
575,2023,Model Y RWD,테슬라코리아 유한회사,전기,0.0,5.1,2등급,15000,5.0
576,2023,Model Y Standard Range,테슬라코리아 유한회사,전기,0.0,5.6,2등급,15000,5.0
577,2023,Peugeot e-2008 SUV,PSA Automobiles,전기,0.0,4.3,3등급,15000,4.3
578,2023,Peugeot e-2008 SUV,PSA Automobiles,전기,0.0,4.9,3등급,15000,4.9
579,2023,Peugeot e-208,PSA Automobiles,전기,0.0,4.4,3등급,15000,4.4
580,2023,Peugeot e-208,PSA Automobiles,전기,0.0,5.4,2등급,15000,5.4
581,2023,Peugeot e208,PSA Automobiles,전기,0.0,5.7,2등급,15000,5.7
582,2023,Polestar 2 Long Range Dual Motor,폴스타,전기,0.0,3.8,4등급,15000,3.8
583,2023,Polestar 2 Long Range Dual Motor,폴스타,전기,0.0,4.3,3등급,15000,4.3
584,2023,Polestar 2 Long Range Single Motor,폴스타,전기,0.0,4.8,3등급,15000,4.8
585,2023,Polestar 2 Long Range Single Motor,폴스타,전기,0.0,5.1,2등급,15000,5.1
586,2023,Q4 40 e-tron,아우디,전기,0.0,4.7,3등급,15000,4.7
587,2023,Q4 Sportback 40 e-tron,아우디,전기,0.0,4.8,3등급,15000,4.8
588,2023,Q4 Sportback e-tron 40,아우디,전기,0.0,4.1,4등급,15000,4.1
589,2023,Q4 Sportback e-tron 40,아우디,전기,0.0,4.2,3등급,15000,4.2
590,2023,Q4 e-tron 40,아우디,전기,0.0,4.2,3등급,15000,4.2
591,2023,Q4 e-tron 40,아우디,전기,0.0,4.3,3등급,15000,4.3
592,2023,Q8 50 e-tron uattro,아우디,전기,0.0,3.0,5등급,15000,3.0
593,2023,Q8 55 e-tron uattro,아우디,전기,0.0,3.0,5등급,15000,3.0
594,2023,Q8 Sportback 55 e-tron uattro,아우디,전기,0.0,2.9,5등급,15000,2.9
595,2023,RS e-tron GT,아우디,전기,0.0,3.4,4등급,15000,3.4
596,2023,Rolls Royce Black Badge Spectre,롤스로이스,전기,0.0,3.2,5등급,15000,3.2
597,2023,Rolls Royce Spectre,롤스로이스,전기,0.0,3.2,5등급,15000,3.2
598,2023,SE-A2밴,지리쓰촨상용차 유한회사,전기,0.0,3.8,4등급,15000,3.8
599,2023,SMART EV Z,쎄미시스코,전기,0.0,5.8,1등급,15000,5.8
600,2023,T4K,BYD,전기,0.0,2.6,5등급,15000,2.6
601,2023,TWIZY Cargo(1인승),르노코리아자동차(주),전기,0.0,7.9,초소형,15000,7.9
602,2023,TWIZY Urban(2인승),르노코리아자동차(주),전기,0.0,7.9,초소형,15000,7.9
603,2023,ZOE,르노코리아자동차(주),전기,0.0,4.8,3등급,15000,4.8
604,2023,e-tron 50 uattro,아우디,전기,0.0,2.9,5등급,15000,2.9
605,2023,e-tron 55 uattro,아우디,전기,0.0,3.0,5등급,15000,3.0
606,2023,e-tron GT uattro,아우디,전기,0.0,3.7,4등급,15000,3.7
607,2023,e-tron S,아우디,전기,0.0,2.7,5등급,15000,2.7
608,2023,e-tron S Sportback,아우디,전기,0.0,2.7,5등급,15000,2.7
609,2023,e-tron Sportback 50 uattro,아우디,전기,0.0,3.0,5등급,15000,3.0
610,2023,e-tron Sportback 55 uattro,아우디,전기,0.0,3.1,5등급,15000,3.1
611,2023,니로 EV 17인치,기아,전기,0.0,5.3,2등급,15000,5.3
612,2023,"니로 전기차 (경제형, 39.2kWh)",기아,전기,0.0,5.5,2등급,15000,5.3
613,2023,"니로 전기차 (기본형, 64kWh)",기아,전기,0.0,5.3,2등급,15000,5.3
614,2023,니로 플러스 EV 항속형 2WD 17인치,기아,전기,0.0,5.3,2등급,15000,5.3
615,2023,다니고3픽업(DANIGO 3 PICK UP),(주)대창모터스,전기,0.0,6.1,초소형,15000,6.1
616,2023,다니고C,(주)대창모터스,전기,0.0,3.1,5등급,15000,3.1
617,2023,다니고C2,(주)대창모터스,전기,0.0,3.4,4등급,15000,3.4
618,2023,다니고VAN,(주)대창모터스,전기,0.0,3.6,4등급,15000,3.6
619,2023,레이 EV,기아,전기,0.0,5.1,2등급,15000,5.1
620,2023,레이 EV 밴 1인승,기아,전기,0.0,5.1,2등급,15000,5.1
621,2023,레이 EV 밴 2인승,기아,전기,0.0,5.1,2등급,15000,5.1
622,2023,렉서스 RZ450e,토요타,전기,0.0,5.4,2등급,15000,5.4
623,2023,렉서스 UX300e,토요타,전기,0.0,4.7,3등급,15000,4.7
624,2023,마스타(MASTA)VAN,마스타전기차(주),전기,0.0,6.1,초소형,15000,6.1
625,2023,마이브 M1,투데이션샤인,전기,0.0,5.5,초소형,15000,5.5
626,2023,벤츠 EQC 400 4MATIC,벤츠,전기,0.0,3.2,5등급,15000,3.2
627,2023,볼보 C40 Recharge Twin,볼보,전기,0.0,4.1,4등급,15000,4.1
628,2023,볼보 C40 Recharge Twin,볼보,전기,0.0,4.6,3등급,15000,4.6
629,2023,볼보 XC40 Recharge Twin,볼보,전기,0.0,3.9,4등급,15000,3.9
630,2023,볼보 XC40 Recharge Twin,볼보,전기,0.0,4.4,3등급,15000,4.4
631,2023,봉고 전기차,기아,전기,0.0,3.1,5등급,15000,3.1
632,2023,봉고 전기차 (22),기아,전기,0.0,3.1,5등급,15000,3.1
633,2023,브라보,Liaoning Lingyuan Linghe,전기,0.0,4.1,4등급,15000,4.1
634,2023,비바,Liaoning Lingyuan Linghe,전기,0.0,4.6,3등급,15000,4.6
635,2023,비바,Liaoning Lingyuan Linghe,전기,0.0,4.8,3등급,15000,4.8
636,2023,"쏘울 전기차 (도심형, 39.2kWh)",기아,전기,0.0,5.6,2등급,15000,5.6
637,2023,"쏘울 전기차(기본형, 64kWh)",기아,전기,0.0,5.4,2등급,15000,5.4
638,2023,아이오닉 전기차 (18MY),현대,전기,0.0,6.3,1등급,15000,6.3
639,2023,아이오닉 전기차(PE),현대,전기,0.0,6.3,1등급,15000,6.3
640,2023,아이오닉5 N,현대,전기,0.0,3.7,4등급,15000,5.1
641,2023,아이오닉5 기본형 4WD 19인치,현대,전기,0.0,4.8,3등급,15000,5.1
642,2023,아이오닉5 기본형 RWD 19인치,현대,전기,0.0,5.1,2등급,15000,5.1
643,2023,아이오닉5 항속형 4WD 19인치,현대,전기,0.0,4.7,3등급,15000,5.1
644,2023,아이오닉5 항속형 4WD 19인치 (77.4kWh),현대,전기,0.0,4.7,3등급,15000,5.1
645,2023,아이오닉5 항속형 4WD 20인치,현대,전기,0.0,4.5,3등급,15000,5.1
646,2023,아이오닉5 항속형 4WD 20인치 (77.4kWh),현대,전기,0.0,4.4,3등급,15000,5.1
647,2023,아이오닉5 항속형 RWD 19인치,현대,전기,0.0,5.1,2등급,15000,5.1
648,2023,아이오닉5 항속형 RWD 19인치 (77.4kWh),현대,전기,0.0,5.2,2등급,15000,5.1
649,2023,아이오닉5 항속형 RWD 19인치 빌트인캠,현대,전기,0.0,5.1,2등급,15000,5.1
650,2023,아이오닉5 항속형 RWD 19인치 빌트인캠 (77.4kWh),현대,전기,0.0,5.1,2등급,15000,5.1
651,2023,아이오닉5 항속형 RWD 20인치,현대,전기,0.0,4.9,3등급,15000,5.1
652,2023,아이오닉5 항속형 RWD 20인치 (77.4kWh),현대,전기,0.0,4.8,3등급,15000,5.1
653,2023,아이오닉6 기본형 RWD 18인치,현대,전기,0.0,6.2,1등급,15000,5.5
654,2023,아이오닉6 항속형 AWD 18인치,현대,전기,0.0,5.5,2등급,15000,5.5
655,2023,아이오닉6 항속형 AWD 20인치,현대,전기,0.0,4.8,3등급,15000,5.5
656,2023,아이오닉6 항속형 RWD 18인치,현대,전기,0.0,6.0,1등급,15000,5.5
657,2023,아이오닉6 항속형 RWD 20인치,현대,전기,0.0,5.1,2등급,15000,5.5
658,2023,이엔1톤롱바디카고,(주)이엔플러스,전기,0.0,2.8,5등급,15000,2.8
659,2023,이엔플러스EV1톤롱바디트럭,(주)이엔플러스,전기,0.0,3.0,5등급,15000,3.0
660,2023,이티4밴,Brilliance Shineray,전기,0.0,4.4,3등급,15000,4.4
661,2023,이티밴,Brilliance Shineray,전기,0.0,4.4,3등급,15000,4.4
662,2023,제인모터스칼마토EV1톤내장탑차,제인모터스,전기,0.0,2.3,5등급,15000,2.3
663,2023,젤라,장조우 닛산,전기,0.0,2.6,5등급,15000,2.6
664,2023,젤라 피이백,장조우 닛산,전기,0.0,3.4,4등급,15000,3.4
665,2023,코나 전기자동차 (기본형),현대,전기,0.0,5.6,2등급,15000,5.6
666,2023,코나 전기자동차 (도심형),현대,전기,0.0,5.8,1등급,15000,5.6
667,2023,코나(SX2) 일렉트릭(기본형) 17인치,현대,전기,0.0,5.5,2등급,15000,5.6
668,2023,코나(SX2) 일렉트릭(항속형) 17인치,현대,전기,0.0,5.5,2등급,15000,5.6
669,2023,코나(SX2) 일렉트릭(항속형) 17인치(빌트인캠),현대,전기,0.0,5.5,2등급,15000,5.6
670,2023,코나(SX2) 일렉트릭(항속형) 19인치,현대,전기,0.0,4.8,3등급,15000,5.6
671,2023,코란도 e-motion 2WD Heat Pump,케이지모빌리티,전기,0.0,4.8,3등급,15000,4.8
672,2023,코란도 e-motion 2WD Heat Pump,케이지모빌리티,전기,0.0,4.9,3등급,15000,4.9
673,2023,코란도 e-motion 2WD Non Heat Pump,케이지모빌리티,전기,0.0,4.9,3등급,15000,4.9
674,2023,타이칸,포르쉐,전기,0.0,3.1,5등급,15000,3.1
675,2023,타이칸 (5인승),포르쉐,전기,0.0,3.1,5등급,15000,3.1
676,2023,타이칸 (High),포르쉐,전기,0.0,3.0,5등급,15000,3.0
677,2023,"타이칸 (High, 5인승)",포르쉐,전기,0.0,3.0,5등급,15000,3.0
678,2023,타이칸 4S,포르쉐,전기,0.0,3.0,5등급,15000,3.0
679,2023,타이칸 4S (5인승),포르쉐,전기,0.0,3.0,5등급,15000,3.0
680,2023,타이칸 4S (High),포르쉐,전기,0.0,2.9,5등급,15000,2.9
681,2023,"타이칸 4S (High, 5인승)",포르쉐,전기,0.0,2.9,5등급,15000,2.9
682,2023,타이칸 GTS,포르쉐,전기,0.0,3.2,5등급,15000,3.2
683,2023,타이칸 GTS (5인승),포르쉐,전기,0.0,3.2,5등급,15000,3.2
684,2023,타이칸 크로스 투리스모,포르쉐,전기,0.0,2.9,5등급,15000,2.9
685,2023,타이칸 크로스 투리스모 (5인승),포르쉐,전기,0.0,2.9,5등급,15000,2.9
686,2023,타이칸 크로스 투리스모 4S,포르쉐,전기,0.0,2.9,5등급,15000,2.9
687,2023,타이칸 크로스 투리스모 4S (5인승),포르쉐,전기,0.0,2.9,5등급,15000,2.9
688,2023,타이칸 크로스 투리스모 터보,포르쉐,전기,0.0,2.8,5등급,15000,2.8
689,2023,타이칸 크로스 투리스모 터보 (5인승),포르쉐,전기,0.0,2.8,5등급,15000,2.8
690,2023,타이칸 터보,포르쉐,전기,0.0,2.9,5등급,15000,2.9
691,2023,타이칸 터보 (5인승),포르쉐,전기,0.0,2.9,5등급,15000,2.9
692,2023,타이칸 터보 S,포르쉐,전기,0.0,2.8,5등급,15000,2.8
693,2023,타이칸 터보 S (5인승),포르쉐,전기,0.0,2.8,5등급,15000,2.8
694,2023,테라밴,DongfengLiuzhou Motor,전기,0.0,3.3,5등급,15000,3.3
695,2023,테라밴키즈,DongfengLiuzhou Motor,전기,0.0,3.3,5등급,15000,3.3
696,2023,테라밴키즈11,DongfengLiuzhou Motor,전기,0.0,3.3,5등급,15000,3.3
697,2023,토레스 EVX 2WD 18인치타이어,케이지모빌리티,전기,0.0,5.0,2등급,15000,5.0
698,2023,토레스 EVX 2WD 20인치타이어,케이지모빌리티,전기,0.0,4.8,3등급,15000,4.8
699,2023,파워프라자 라보 ev PEACE,한국지엠,전기,0.0,3.5,4등급,15000,3.5
700,2023,파워프라자 봉고3ev PEACE,(주)파워프라자,전기,0.0,2.4,5등급,15000,2.4
701,2023,파워프라자 봉고3ev PEACE 더블캡,(주)파워프라자,전기,0.0,2.0,5등급,15000,2.0
702,2023,포터 일렉트릭 22MY,현대,전기,0.0,3.1,5등급,15000,3.1
703,2023,포터일렉트릭,현대,전기,0.0,3.1,5등급,15000,3.1
704,2023,포텐스,(주)진우에스엠씨,전기,0.0,4.5,초소형,15000,4.5
705,2023,포트로 탑(HMT-250T),(주)디피코,전기,0.0,4.2,초소형,15000,4.2
706,2023,포트로 픽업(HMT-250P),(주)디피코,전기,0.0,4.2,초소형,15000,4.2
707,2023,포트로(HMT-101),(주)디피코,전기,0.0,3.8,초소형,15000,3.8
708,2023,플러스(PLUS),(주) 한신자동차,전기,0.0,2.5,5등급,15000,2.5
709,2023,플러스2.0(카고),(주) 한신자동차,전기,0.0,2.5,5등급,15000,2.5
710,2023,한국쓰리축1톤롱바디EV트럭(봉고),주식회사 한국쓰리축,전기,0.0,2.8,5등급,15000,2.8
711,2023,한국쓰리축1톤롱바디EV트럭(포터),주식회사 한국쓰리축,전기,0.0,2.8,5등급,15000,2.8
712,2024,BMW i3 120Ah,BMW,전기,0.0,5.66,2등급,15000,5.66
713,2024,BMW i4 M50,BMW,전기,0.0,4.1,4등급,15000,4.8
714,2024,BMW i4 M50 xDrive,BMW,전기,0.0,4.045,4등급,15000,4.8
715,2024,BMW i4 eDrive40,BMW,전기,0.0,4.555,3등급,15000,4.8
716,2024,BMW i5 M60 xDrive,BMW,전기,0.0,3.8,4등급,15000,3.8
717,2024,BMW i5 eDrive40,BMW,전기,0.0,4.055,4등급,15000,4.055
718,2024,"BMW i5 eDrive40 (19"", 20"")",BMW,전기,0.0,4.6,3등급,15000,4.6
719,2024,BMW i5 xDrive40,BMW,전기,0.0,4.345,3등급,15000,4.345
720,2024,BMW i7 M70 xDrive,BMW,전기,0.0,3.29,5등급,15000,3.29
721,2024,BMW i7 eDrive50,BMW,전기,0.0,3.835,4등급,15000,3.835
722,2024,BMW i7 xDrive60,BMW,전기,0.0,3.69,4등급,15000,3.69
723,2024,BMW iX M60,BMW,전기,0.0,3.39,4등급,15000,3.39
724,2024,BMW iX xDrive40,BMW,전기,0.0,3.9,4등급,15000,3.9
725,2024,BMW iX xDrive50,BMW,전기,0.0,3.545,4등급,15000,3.545
726,2024,BMW iX1 xDrive30,BMW,전기,0.0,4.155,3등급,15000,4.155
727,2024,BMW iX2 eDrive20,BMW,전기,0.0,4.81,3등급,15000,4.81
728,2024,BMW iX2 xDrive30,BMW,전기,0.0,4.555,3등급,15000,4.555
729,2024,BMW iX3 M Sport,BMW,전기,0.0,4.065,4등급,15000,4.4
730,2024,CEVO-C,Supa Motor Limited,전기,0.0,6.45,초소형,15000,6.45
731,2024,CEVO-C SE,(주)캠시스,전기,0.0,6.295,초소형,15000,6.295
732,2024,LEAF,닛산,전기,0.0,5.14,2등급,15000,5.14
733,2024,CEVO-C SE 1인승 밴형,주식회사 쎄보모빌리티,전기,0.0,6.295,초소형,15000,6.295
734,2024,CHEVROLET BOLT EUV,GM,전기,0.0,5.605,2등급,15000,5.605
735,2024,CHEVROLET BOLT EV,GM,전기,0.0,5.46,2등급,15000,5.46
736,2024,CHEVROLET BOLT EV,한국지엠,전기,0.0,5.595,2등급,15000,5.595
737,2024,Change,AD모터스,전기,0.0,2.365,초소형,15000,4.3
738,2024,D2C,쎄미시스코,전기,0.0,5.23,초소형,15000,5.23
739,2024,D2C(D2C13),쎄미시스코,전기,0.0,5.46,초소형,15000,5.46
740,2024,D2P,쎄미시스코,전기,0.0,5.23,초소형,15000,5.23
741,2024,DANIGO 3,(주)대창모터스,전기,0.0,6.27,초소형,15000,6.27
742,2024,DS3 CROSSBACK E-TENSE,PSA Automobiles,전기,0.0,4.885,3등급,15000,4.885
743,2024,DS3 E-TENSE,PSA Automobiles,전기,0.0,5.55,2등급,15000,5.55
744,2024,Danigo(다니고),(주)대창모터스,전기,0.0,2.915,초소형,15000,2.915
745,2024,E-CV1,"Shanxi Victory Automobile Manufacturing Co., LTD",전기,0.0,3.795,4등급,15000,3.795
746,2024,EV SAVER(파워테크닉스 세이버 KNCSZ76ADK803665),파워테크닉스,전기,0.0,1.645,5등급,15000,1.6
747,2024,EV3 기본형 2WD 17인치,기아,전기,0.0,5.195,2등급,15000,5.195
748,2024,EV3 기본형 2WD 19인치,기아,전기,0.0,5.195,2등급,15000,5.195
749,2024,EV3 항속형 2WD 17인치(C),기아,전기,0.0,5.405,2등급,15000,5.405
750,2024,EV3 항속형 2WD 17인치(nC),기아,전기,0.0,5.405,2등급,15000,5.405
751,2024,EV3 항속형 2WD 19인치,기아,전기,0.0,5.095,2등급,15000,5.095
752,2024,EV6 GT,기아,전기,0.0,3.93,4등급,15000,5.3
753,2024,EV6 기본형 4WD 19인치,기아,전기,0.0,5.415,2등급,15000,5.3
754,2024,EV6 기본형 RWD 19인치,기아,전기,0.0,5.725,2등급,15000,5.3
755,2024,EV6 항속형 2WD 개조차 19인치(C),기아,전기,0.0,5.215,2등급,15000,5.3
756,2024,EV6 항속형 2WD 개조차 19인치(nC),기아,전기,0.0,5.215,2등급,15000,5.3
757,2024,EV6 항속형 2WD 개조차 20인치,기아,전기,0.0,4.96,3등급,15000,5.3
758,2024,EV6 항속형 4WD 19인치,기아,전기,0.0,5.105,2등급,15000,5.3
759,2024,EV6 항속형 4WD 20인치,기아,전기,0.0,4.605,3등급,15000,5.3
760,2024,EV6 항속형 4WD 개조차 19인치,기아,전기,0.0,4.895,3등급,15000,5.3
761,2024,EV6 항속형 4WD 개조차 20인치,기아,전기,0.0,4.585,3등급,15000,5.3
762,2024,EV6 항속형 RWD 19인치(빌트인캠미적용),기아,전기,0.0,5.47,2등급,15000,5.3
763,2024,EV6 항속형 RWD 19인치(빌트인캠적용),기아,전기,0.0,5.415,2등급,15000,5.3
764,2024,EV6 항속형 RWD 20인치,기아,전기,0.0,5.005,3등급,15000,5.3
765,2024,EV9 2WD 19인치 6인,기아,전기,0.0,4.205,3등급,15000,4.205
766,2024,EV9 2WD 19인치 7인,기아,전기,0.0,4.205,3등급,15000,4.205
767,2024,EV9 2WD 20인치 6인,기아,전기,0.0,4.105,4등급,15000,4.105
768,2024,EV9 2WD 20인치 7인,기아,전기,0.0,4.105,4등급,15000,4.105
769,2024,EV9 4WD 19인치 6인,기아,전기,0.0,3.795,4등급,15000,3.795
770,2024,EV9 4WD 19인치 7인,기아,전기,0.0,3.795,4등급,15000,3.795
771,2024,EV9 4WD 21인치 6인,기아,전기,0.0,3.895,4등급,15000,3.895
772,2024,EV9 4WD 21인치 7인,기아,전기,0.0,3.895,4등급,15000,3.895
773,2024,EV9 GTL 4WD 21인치 6인,기아,전기,0.0,3.785,4등급,15000,3.785
774,2024,EV9 GTL 4WD 21인치 7인,기아,전기,0.0,3.785,4등급,15000,3.785
775,2024,G80 Electrified,현대,전기,0.0,4.32,3등급,15000,4.32
776,2024,G80 Electrified 24MY,현대,전기,0.0,4.32,3등급,15000,4.32
777,2024,GV60 4WD 19인치,현대,전기,0.0,4.485,3등급,15000,4.9
778,2024,GV60 4WD 20인치,현대,전기,0.0,4.33,3등급,15000,4.9
779,2024,GV60 4WD 무선충전,현대,전기,0.0,4.13,4등급,15000,4.9
780,2024,GV60 RWD 19인치,현대,전기,0.0,5.16,2등급,15000,4.9
781,2024,GV60 성능형 4WD 21인치,현대,전기,0.0,4.075,4등급,15000,4.9
782,2024,GV60 성능형 4WD 무선충전,현대,전기,0.0,3.975,4등급,15000,4.9
783,2024,GV70 Electrified 19인치,현대,전기,0.0,4.595,3등급,15000,4.595
784,2024,GV70 Electrified 20인치,현대,전기,0.0,4.34,3등급,15000,4.34
785,2024,GV70 Electrified 무선충전,현대,전기,0.0,4.24,3등급,15000,4.24
786,2024,ID.4 Pro,폭스바겐,전기,0.0,4.675,3등급,15000,4.675
787,2024,ID.4 Pro,폭스바겐,전기,0.0,4.885,3등급,15000,4.885
788,2024,ID.4 Pro,폭스바겐,전기,0.0,4.94,3등급,15000,4.94
789,2024,ID.5 Pro,폭스바겐,전기,0.0,4.985,2등급,15000,4.985
790,2024,LEAF,닛산,전기,0.0,5.295,2등급,15000,5.295
791,2024,LEAF PLUS,닛산,전기,0.0,4.785,3등급,15000,4.785
792,2024,LSEV,코리아에어카고,전기,0.0,4.45,3등급,15000,4.45
793,2024,MASADA 2밴,DFSK,전기,0.0,3.915,4등급,15000,3.915
794,2024,MASADA 3세대 2밴,DFSK,전기,0.0,3.915,4등급,15000,3.915
795,2024,MASADA 3세대 4밴,DFSK,전기,0.0,3.915,4등급,15000,3.915
796,2024,MASADA 4밴,DFSK,전기,0.0,3.915,4등급,15000,3.915
797,2024,MASADA QQ 2밴,체리자동차,전기,0.0,6.265,초소형,15000,6.265
798,2024,MASADA 픽업,DFSK,전기,0.0,3.56,4등급,15000,3.56
799,2024,MG ZS EV,(주) 케이모터,전기,0.0,4.385,3등급,15000,4.385
800,2024,MINI Cooper SE,MINI,전기,0.0,4.53,3등급,15000,4.53
801,2024,MINI Cooper SE,MINI,전기,0.0,5.33,2등급,15000,5.33
802,2024,MINI Countryman E,MINI,전기,0.0,4.765,3등급,15000,4.765
803,2024,MINI Countryman SE ALL4,MINI,전기,0.0,4.465,3등급,15000,4.465
804,2024,Mercedes-AMG EQE 53 4MATIC +,벤츠,전기,0.0,3.6,4등급,15000,3.6
805,2024,Mercedes-AMG EQE 53 4MATIC + SUV,벤츠,전기,0.0,3.355,4등급,15000,3.355
806,2024,Mercedes-AMG EQE 53 4MATIC + SUV,벤츠,전기,0.0,3.555,4등급,15000,3.555
807,2024,Mercedes-AMG EQE 53 4MATIC +(Race Start +),벤츠,전기,0.0,3.6,4등급,15000,3.6
808,2024,Mercedes-AMG EQE53 4MATIC +,벤츠,전기,0.0,3.3,5등급,15000,3.3
809,2024,Mercedes-AMG EQS 53 4MATIC +,벤츠,전기,0.0,3.245,5등급,15000,3.245
810,2024,Mercedes-AMG EQS53 4MATIC +,벤츠,전기,0.0,3.145,5등급,15000,3.145
811,2024,Mercedes-AMG EQS53 4MATIC +,벤츠,전기,0.0,3.2,5등급,15000,3.2
812,2024,Q8 55 e-tron uattro,아우디,전기,0.0,3.045,5등급,15000,3.045
813,2024,Mercedes-Benz EQA 250,벤츠,전기,0.0,5.04,2등급,15000,5.04
814,2024,Mercedes-Benz EQA250,벤츠,전기,0.0,4.02,4등급,15000,4.02
815,2024,Mercedes-Benz EQA250,벤츠,전기,0.0,4.075,4등급,15000,4.075
816,2024,Mercedes-Benz EQA250,벤츠,전기,0.0,4.12,4등급,15000,4.12
817,2024,Mercedes-Benz EQA250,벤츠,전기,0.0,5.005,3등급,15000,5.005
818,2024,Mercedes-Benz EQB 300 4MATIC,벤츠,전기,0.0,4.12,4등급,15000,4.12
819,2024,Mercedes-Benz EQB300 4MATIC,벤츠,전기,0.0,4.13,4등급,15000,4.13
820,2024,Mercedes-Benz EQB300 4MATIC (5 Seater),벤츠,전기,0.0,4.13,4등급,15000,4.13
821,2024,Mercedes-Benz EQC400 4MATIC,벤츠,전기,0.0,3.11,5등급,15000,3.11
822,2024,Mercedes-Benz EQE 350 +,벤츠,전기,0.0,4.565,3등급,15000,4.565
823,2024,Mercedes-Benz EQE 350 4MATIC,벤츠,전기,0.0,4.0,4등급,15000,4.0
824,2024,Mercedes-Benz EQE 350 4MATIC SUV,벤츠,전기,0.0,4.12,4등급,15000,4.12
825,2024,Mercedes-Benz EQE 500 4MATIC SUV,벤츠,전기,0.0,4.065,4등급,15000,4.065
826,2024,Mercedes-Benz EQE300,벤츠,전기,0.0,4.21,3등급,15000,4.21
827,2024,Mercedes-Benz EQE350 +,벤츠,전기,0.0,4.32,3등급,15000,4.32
828,2024,Mercedes-Benz EQE350 4MATIC,벤츠,전기,0.0,4.01,4등급,15000,4.01
829,2024,Mercedes-Benz EQE350 4MATIC SUV,벤츠,전기,0.0,3.865,4등급,15000,3.865
830,2024,Mercedes-Benz EQE500 4MATIC SUV,벤츠,전기,0.0,3.765,4등급,15000,3.765
831,2024,Mercedes-Benz EQS 450 +,벤츠,전기,0.0,4.145,3등급,15000,4.145
832,2024,Mercedes-Benz EQS 450 4MATIC,벤츠,전기,0.0,3.955,4등급,15000,3.955
833,2024,Mercedes-Benz EQS 450 4MATIC SUV,벤츠,전기,0.0,3.71,4등급,15000,3.71
834,2024,Mercedes-Benz EQS 580 4MATIC SUV,벤츠,전기,0.0,3.555,4등급,15000,3.555
835,2024,Mercedes-Benz EQS350,벤츠,전기,0.0,4.065,4등급,15000,4.065
836,2024,Mercedes-Benz EQS450 +,벤츠,전기,0.0,3.755,4등급,15000,3.755
837,2024,Mercedes-Benz EQS450 4MATIC,벤츠,전기,0.0,3.545,4등급,15000,3.545
838,2024,Mercedes-Benz EQS450 4MATIC SUV,벤츠,전기,0.0,3.61,4등급,15000,3.61
839,2024,Mercedes-Benz EQS450 4MATIC SUV(5seats),벤츠,전기,0.0,3.61,4등급,15000,3.61
840,2024,Mercedes-Benz EQS580 4MATIC SUV,벤츠,전기,0.0,3.51,4등급,15000,3.51
841,2024,Mercedes-Benz EQS580 4MATIC SUV(5seats),벤츠,전기,0.0,3.51,4등급,15000,3.51
842,2024,Mercedes-Benz G 580 with EQ Technology,벤츠,전기,0.0,2.975,5등급,15000,2.975
843,2024,Mercedes-Maybach EQS 680 SUV,벤츠,전기,0.0,3.5,4등급,15000,3.5
844,2024,Model 3 Long Range,테슬라코리아 유한회사,전기,0.0,5.475,2등급,15000,5.1
845,2024,Model 3 Performance,테슬라코리아 유한회사,전기,0.0,4.82,3등급,15000,5.1
846,2024,Model 3 RWD,테슬라코리아 유한회사,전기,0.0,5.685,2등급,15000,5.1
847,2024,Model S AWD,테슬라코리아 유한회사,전기,0.0,4.82,3등급,15000,4.6
848,2024,Model S Plaid,테슬라코리아 유한회사,전기,0.0,4.11,4등급,15000,4.6
849,2024,Model X AWD,테슬라코리아 유한회사,전기,0.0,4.265,3등급,15000,4.265
850,2024,Model X Plaid,테슬라코리아 유한회사,전기,0.0,3.81,4등급,15000,3.81
851,2024,Model Y Long Range,테슬라코리아 유한회사,전기,0.0,4.875,3등급,15000,5.0
852,2024,Model Y Long Range,테슬라코리아 유한회사,전기,0.0,5.275,2등급,15000,5.0
853,2024,Model Y Performance,테슬라코리아 유한회사,전기,0.0,5.075,2등급,15000,5.0
854,2024,Model Y RWD,테슬라코리아 유한회사,전기,0.0,5.075,2등급,15000,5.0
855,2024,Model Y RWD,테슬라코리아 유한회사,전기,0.0,5.13,2등급,15000,5.0
856,2024,Peugeot e-2008 SUV,PSA Automobiles,전기,0.0,4.885,3등급,15000,4.885
857,2024,Peugeot e-208,PSA Automobiles,전기,0.0,5.395,2등급,15000,5.395
858,2024,Peugeot e2008,PSA Automobiles,전기,0.0,5.195,2등급,15000,5.195
859,2024,Peugeot e208,PSA Automobiles,전기,0.0,5.75,2등급,15000,5.75
860,2024,Polestar 2 Long Range Dual Motor,폴스타,전기,0.0,3.82,4등급,15000,3.82
861,2024,Polestar 2 Long Range Dual Motor,폴스타,전기,0.0,4.275,3등급,15000,4.275
862,2024,Polestar 2 Long Range Single Motor,폴스타,전기,0.0,4.83,3등급,15000,4.83
863,2024,Polestar 2 Long Range Single Motor,폴스타,전기,0.0,5.095,2등급,15000,5.095
864,2024,Polestar 2 Standard Range Single Motor,폴스타,전기,0.0,5.305,2등급,15000,5.305
865,2024,Q4 40 e-tron,아우디,전기,0.0,4.685,3등급,15000,4.685
866,2024,Q4 45 e-tron,아우디,전기,0.0,4.685,3등급,15000,4.685
867,2024,Q4 Sportback 40 e-tron,아우디,전기,0.0,4.785,3등급,15000,4.785
868,2024,Q4 Sportback 45 e-tron,아우디,전기,0.0,4.685,3등급,15000,4.685
869,2024,Q4 Sportback e-tron 40,아우디,전기,0.0,4.175,3등급,15000,4.175
870,2024,Q4 Sportback e-tron 40,아우디,전기,0.0,4.175,4등급,15000,4.175
871,2024,Q4 e-tron 40,아우디,전기,0.0,4.23,3등급,15000,4.23
872,2024,Q4 e-tron 40,아우디,전기,0.0,4.33,3등급,15000,4.33
873,2024,Q8 50 e-tron uattro,아우디,전기,0.0,3.0,5등급,15000,3.0
874,2024,Q8 Sportback 55 e-tron uattro,아우디,전기,0.0,2.945,5등급,15000,2.945
875,2024,RS e-tron GT,아우디,전기,0.0,3.345,4등급,15000,3.345
876,2024,Rolls Royce Black Badge Spectre,롤스로이스,전기,0.0,3.135,5등급,15000,3.135
877,2024,Rolls Royce Spectre,롤스로이스,전기,0.0,3.235,5등급,15000,3.235
878,2024,SE-A2밴,지리쓰촨상용차 유한회사,전기,0.0,3.895,4등급,15000,3.895
879,2024,SQ8 Sportback e-tron,아우디,전기,0.0,2.545,5등급,15000,2.545
880,2024,STEGO-Z,"Xiamen King Long United Automotive Industry Co., Ltd.",전기,0.0,3.23,5등급,15000,3.23
881,2024,SW40,Newgonow Auto co.Ltd,전기,0.0,3.615,4등급,15000,3.615
882,2024,T4K,BYD,전기,0.0,2.685,5등급,15000,2.685
883,2024,e-TOVI,(주)대창모터스,전기,0.0,5.16,2등급,15000,5.16
884,2024,e-tron 55 uattro,아우디,전기,0.0,3.0,5등급,15000,3.0
885,2024,e-tron GT uattro,아우디,전기,0.0,3.68,4등급,15000,3.68
886,2024,e-tron S,아우디,전기,0.0,2.745,5등급,15000,2.745
887,2024,e-tron S Sportback,아우디,전기,0.0,2.69,5등급,15000,2.69
888,2024,e-tron Sportback 55 uattro,아우디,전기,0.0,3.145,5등급,15000,3.145
889,2024,니로 EV 17인치,기아,전기,0.0,5.405,2등급,15000,5.3
890,2024,니로 플러스 EV 항속형 2WD 17인치,기아,전기,0.0,5.415,2등급,15000,5.3
891,2024,다니고3픽업(DANIGO 3 PICK UP),(주)대창모터스,전기,0.0,6.27,초소형,15000,6.27
892,2024,다니고C,(주)대창모터스,전기,0.0,3.215,5등급,15000,3.215
893,2024,다니고C2,(주)대창모터스,전기,0.0,3.57,4등급,15000,3.57
894,2024,다니고VAN,(주)대창모터스,전기,0.0,3.675,4등급,15000,3.675
895,2024,비바,Liaoning Lingyuan Linghe,전기,0.0,4.64,3등급,15000,4.64
896,2024,레이 EV,기아,전기,0.0,5.28,2등급,15000,5.28
897,2024,레이 EV 밴 1인승,기아,전기,0.0,5.28,2등급,15000,5.28
898,2024,레이 EV 밴 2인승,기아,전기,0.0,5.28,2등급,15000,5.28
899,2024,렉서스 RZ450e,토요타,전기,0.0,5.395,2등급,15000,5.395
900,2024,렉서스 UX300e,토요타,전기,0.0,4.685,3등급,15000,4.685
901,2024,비바,Liaoning Lingyuan Linghe,전기,0.0,4.85,3등급,15000,4.85
902,2024,마스타(MASTA)VAN,마스타전기차(주),전기,0.0,6.145,초소형,15000,6.145
903,2024,마이브 M1,투데이션샤인,전기,0.0,5.55,초소형,15000,5.55
904,2024,벤츠 EQC 400 4MATIC,벤츠,전기,0.0,3.21,5등급,15000,3.21
905,2024,볼보 C40 Recharge Twin,볼보,전기,0.0,4.64,3등급,15000,4.64
906,2024,캐딜락 Lyri,GM,전기,0.0,3.92,4등급,15000,3.92
907,2024,볼보 XC40 Recharge Twin,볼보,전기,0.0,4.485,3등급,15000,4.485
908,2024,봉고 전기차,기아,전기,0.0,3.195,5등급,15000,3.195
909,2024,봉고 전기차 (22),기아,전기,0.0,3.195,5등급,15000,3.195
910,2024,봉고 전기차 (24MY),기아,전기,0.0,3.195,5등급,15000,3.195
911,2024,브라보,Liaoning Lingyuan Linghe,전기,0.0,4.205,4등급,15000,4.205
912,2024,썬라이즈-T01,샹하이완샹오토모바일,전기,0.0,3.74,4등급,15000,3.74
913,2024,"쏘울 전기차 (도심형, 39.2kWh)",기아,전기,0.0,5.725,2등급,15000,5.725
914,2024,"쏘울 전기차(기본형, 64kWh)",기아,전기,0.0,5.46,2등급,15000,5.46
915,2024,아이오닉5 N,현대,전기,0.0,3.73,4등급,15000,5.1
916,2024,아이오닉5 N-line AWD,현대,전기,0.0,4.395,3등급,15000,5.1
917,2024,아이오닉5 N-line RWD,현대,전기,0.0,4.705,3등급,15000,5.1
918,2024,아이오닉5 개조 항속형 AWD 19인치,현대,전기,0.0,4.795,3등급,15000,5.1
919,2024,아이오닉5 개조 항속형 AWD 20인치,현대,전기,0.0,4.495,3등급,15000,5.1
920,2024,아이오닉5 개조 항속형 RWD 19인치(C),현대,전기,0.0,5.105,2등급,15000,5.1
921,2024,아이오닉5 개조 항속형 RWD 19인치(nC),현대,전기,0.0,5.26,2등급,15000,5.1
922,2024,아이오닉5 개조 항속형 RWD 20인치,현대,전기,0.0,4.895,3등급,15000,5.1
923,2024,아이오닉5 기본형 4WD 19인치,현대,전기,0.0,4.905,3등급,15000,5.1
924,2024,아이오닉5 기본형 RWD 19인치,현대,전기,0.0,5.215,2등급,15000,5.1
925,2024,아이오닉5 항속형 4WD 19인치,현대,전기,0.0,4.805,3등급,15000,5.1
926,2024,아이오닉5 항속형 4WD 19인치 (77.4kWh),현대,전기,0.0,4.805,3등급,15000,5.1
927,2024,아이오닉5 항속형 4WD 20인치,현대,전기,0.0,4.55,3등급,15000,5.1
928,2024,아이오닉5 항속형 4WD 20인치 (77.4kWh),현대,전기,0.0,4.45,3등급,15000,5.1
929,2024,아이오닉5 항속형 RWD 19인치,현대,전기,0.0,5.27,2등급,15000,5.1
930,2024,아이오닉5 항속형 RWD 19인치 (77.4kWh),현대,전기,0.0,5.27,2등급,15000,5.1
931,2024,아이오닉5 항속형 RWD 19인치 빌트인캠,현대,전기,0.0,5.17,2등급,15000,5.1
932,2024,아이오닉5 항속형 RWD 19인치 빌트인캠 (77.4kWh),현대,전기,0.0,5.17,2등급,15000,5.1
933,2024,아이오닉5 항속형 RWD 20인치,현대,전기,0.0,4.915,3등급,15000,5.1
934,2024,아이오닉5 항속형 RWD 20인치 (77.4kWh),현대,전기,0.0,4.86,3등급,15000,5.1
935,2024,아이오닉6 기본형 RWD 18인치,현대,전기,0.0,6.215,1등급,15000,5.5
936,2024,아이오닉6 항속형 AWD 18인치,현대,전기,0.0,5.585,2등급,15000,5.5
937,2024,아이오닉6 항속형 AWD 20인치,현대,전기,0.0,4.84,3등급,15000,5.5
938,2024,아이오닉6 항속형 RWD 18인치,현대,전기,0.0,6.05,1등급,15000,5.5
939,2024,아이오닉6 항속형 RWD 20인치,현대,전기,0.0,5.205,2등급,15000,5.5
940,2024,이엔1톤롱바디카고,(주)이엔플러스,전기,0.0,2.895,5등급,15000,2.895
941,2024,이엔플러스EV1톤롱바디트럭,(주)이엔플러스,전기,0.0,3.05,5등급,15000,3.05
942,2024,이티4밴,Brilliance Shineray,전기,0.0,4.515,3등급,15000,4.515
943,2024,이티4밴 미니,Brilliance Shineray,전기,0.0,5.35,2등급,15000,5.35
944,2024,이티4밴 프로,Brilliance Shineray,전기,0.0,5.415,2등급,15000,5.415
945,2024,이티밴,Brilliance Shineray,전기,0.0,4.515,3등급,15000,4.515
946,2024,이티밴 미니,Brilliance Shineray,전기,0.0,5.35,2등급,15000,5.35
947,2024,이티밴 프로,Brilliance Shineray,전기,0.0,5.415,2등급,15000,5.415
948,2024,제인모터스칼마토EV1톤내장탑차,제인모터스,전기,0.0,2.33,5등급,15000,2.33
949,2024,젤라,장조우 닛산,전기,0.0,2.63,5등급,15000,2.63
950,2024,젤라 피이백,장조우 닛산,전기,0.0,3.385,4등급,15000,3.385
951,2024,짚 어벤저,크라이슬러,전기,0.0,5.04,2등급,15000,5.04
952,2024,캐스퍼(AX1) EV 항속형 15인치,현대,전기,0.0,5.615,2등급,15000,5.615
953,2024,캐스퍼(AX1) EV 항속형 17인치,현대,전기,0.0,5.25,2등급,15000,5.25
954,2024,코나 일렉트릭(N-Line) 19인치,현대,전기,0.0,4.74,3등급,15000,5.6
955,2024,코나(SX2) 일렉트릭(기본형) 17인치,현대,전기,0.0,5.515,2등급,15000,5.6
956,2024,코나(SX2) 일렉트릭(항속형) 17인치,현대,전기,0.0,5.605,2등급,15000,5.6
957,2024,코나(SX2) 일렉트릭(항속형) 17인치(빌트인캠),현대,전기,0.0,5.605,2등급,15000,5.6
958,2024,코나(SX2) 일렉트릭(항속형) 19인치,현대,전기,0.0,4.84,3등급,15000,5.6
959,2024,코란도 EV 2WD,케이지모빌리티,전기,0.0,4.795,3등급,15000,4.795
960,2024,코란도 e-motion 2WD Heat Pump,케이지모빌리티,전기,0.0,4.85,3등급,15000,4.85
961,2024,코란도 e-motion 2WD Heat Pump,케이지모빌리티,전기,0.0,4.95,3등급,15000,4.95
962,2024,코란도 e-motion 2WD Non Heat Pump,케이지모빌리티,전기,0.0,5.005,3등급,15000,5.005
963,2024,타이칸,포르쉐,전기,0.0,3.09,5등급,15000,3.09
964,2024,타이칸 (5인승),포르쉐,전기,0.0,3.09,5등급,15000,3.09
965,2024,타이칸 (5인승),포르쉐,전기,0.0,4.565,3등급,15000,4.565
966,2024,타이칸 (High),포르쉐,전기,0.0,2.99,5등급,15000,2.99
967,2024,"타이칸 (High, 5인승)",포르쉐,전기,0.0,2.99,5등급,15000,2.99
968,2024,타이칸 4S,포르쉐,전기,0.0,2.955,5등급,15000,2.955
969,2024,타이칸 4S (5인승),포르쉐,전기,0.0,2.955,5등급,15000,2.955
970,2024,타이칸 4S (High),포르쉐,전기,0.0,2.89,5등급,15000,2.89
971,2024,"타이칸 4S (High, 5인승)",포르쉐,전기,0.0,2.89,5등급,15000,2.89
972,2024,타이칸 GTS,포르쉐,전기,0.0,3.155,5등급,15000,3.155
973,2024,타이칸 GTS (5인승),포르쉐,전기,0.0,3.155,5등급,15000,3.155
974,2024,타이칸 크로스 투리스모,포르쉐,전기,0.0,2.9,5등급,15000,2.9
975,2024,타이칸 크로스 투리스모 (5인승),포르쉐,전기,0.0,2.9,5등급,15000,2.9
976,2024,타이칸 크로스 투리스모 4S,포르쉐,전기,0.0,2.9,5등급,15000,2.9
977,2024,타이칸 크로스 투리스모 4S (5인승),포르쉐,전기,0.0,2.9,5등급,15000,2.9
978,2024,타이칸 크로스 투리스모 터보,포르쉐,전기,0.0,2.755,5등급,15000,2.755
979,2024,타이칸 크로스 투리스모 터보 (5인승),포르쉐,전기,0.0,2.755,5등급,15000,2.755
980,2024,타이칸 터보,포르쉐,전기,0.0,2.9,5등급,15000,2.9
981,2024,타이칸 터보 (5인승),포르쉐,전기,0.0,2.9,5등급,15000,2.9
982,2024,타이칸 터보 S,포르쉐,전기,0.0,2.845,5등급,15000,2.845
983,2024,타이칸 터보 S (5인승),포르쉐,전기,0.0,2.845,5등급,15000,2.845
984,2024,테라밴,DongfengLiuzhou Motor,전기,0.0,3.395,5등급,15000,3.395
985,2024,테라밴키즈,DongfengLiuzhou Motor,전기,0.0,3.395,5등급,15000,3.395
986,2024,테라밴키즈11,DongfengLiuzhou Motor,전기,0.0,3.395,5등급,15000,3.395
987,2024,토레스 EVX 2WD 18인치타이어,케이지모빌리티,전기,0.0,5.05,2등급,15000,5.05
988,2024,토레스 EVX 2WD 20인치타이어,케이지모빌리티,전기,0.0,4.84,3등급,15000,4.84
989,2024,토레스 EVX VAN 18인치타이어,케이지모빌리티,전기,0.0,4.94,3등급,15000,4.94
990,2024,토레스 EVX VAN 20인치타이어,케이지모빌리티,전기,0.0,4.84,3등급,15000,4.84
991,2024,파워프라자 라보 ev PEACE,한국지엠,전기,0.0,3.53,4등급,15000,3.53
992,2024,파워프라자 봉고3ev PEACE,(주)파워프라자,전기,0.0,2.345,5등급,15000,2.345
993,2024,파워프라자 봉고3ev PEACE 더블캡,(주)파워프라자,전기,0.0,2.045,5등급,15000,2.045
994,2024,포터 일렉트릭 22MY,현대,전기,0.0,3.195,5등급,15000,3.195
995,2024,포터일렉트릭,현대,전기,0.0,3.195,5등급,15000,3.195
996,2024,포터일렉트릭 24MY,현대,전기,0.0,3.195,5등급,15000,3.195
997,2024,포텐스,(주)진우에스엠씨,전기,0.0,4.68,초소형,15000,4.68
998,2024,포트로 탑(HMT-250T),(주)디피코,전기,0.0,4.335,초소형,15000,4.335
999,2024,포트로 픽업(HMT-250P),(주)디피코,전기,0.0,4.335,초소형,15000,4.335
1000,2024,포트로(HMT-101),(주)디피코,전기,0.0,3.98,초소형,15000,3.98
1001,2024,플러스(PLUS),(주) 한신자동차,전기,0.0,2.545,5등급,15000,2.545
1002,2024,플러스2.0(카고),(주) 한신자동차,전기,0.0,2.475,5등급,15000,2.475
1003,2024,플러스2.0(카고),(주) 한신자동차,전기,0.0,2.52,5등급,15000,2.52
1004,2024,한국상용0.9톤롱바디EV내장탑트럭,현대,전기,0.0,2.195,5등급,15000,2.195
1005,2024,한국상용1톤롱바디EV트럭,현대,전기,0.0,2.795,5등급,15000,2.795
1006,2024,한국쓰리축1톤롱바디EV트럭(봉고),주식회사 한국쓰리축,전기,0.0,2.895,5등급,15000,2.895
1007,2024,한국쓰리축1톤롱바디EV트럭(포터),주식회사 한국쓰리축,전기,0.0,2.84,5등급,15000,2.84
